1 1
2 8
3 27
4 64
5 125
6 216
7 343
8 512
9 729
10 1000
11 1331
12 1728
13 2197
14 2744
15 3375
16 4096
17 4913
18 5832
19 6859
20 8000
21 9261
22 10648
23 12167
24 13824
25 15625
26 17576
27 19683
28 21952
29 24389
30 27000
31 29791
32 32768
33 35937
34 39304
35 42875
36 46656
37 50653
38 54872
39 59319
40 64000
41 68921
42 74088
43 79507
44 85184
45 91125
46 97336
47 103823
48 110592
49 117649
50 125000
51 132651
52 140608
53 148877
54 157464
55 166375
56 175616
57 185193
58 195112
59 205379
60 216000
61 226981
62 238328
63 250047
64 262144
65 274625
66 287496
67 300763
68 314432
69 328509
70 343000
71 357911
72 373248
73 389017
74 405224
75 421875
76 438976
77 456533
78 474552
79 493039
80 512000
81 531441
82 551368
83 571787
84 592704
85 614125
86 636056
87 658503
88 681472
89 704969
90 729000
91 753571
92 778688
93 804357
94 830584
95 857375
96 884736
97 912673
98 941192
99 970299
100 1000000
101 1030301
102 1061208
103 1092727
104 1124864
105 1157625
106 1191016
107 1225043
108 1259712
109 1295029
110 1331000
111 1367631
112 1404928
113 1442897
114 1481544
115 1520875
116 1560896
117 1601613
118 1643032
119 1685159
120 1728000
121 1771561
122 1815848
123 1860867
124 1906624
125 1953125
126 2000376
127 2048383
128 2097152
129 2146689
130 2197000
131 2248091
132 2299968
133 2352637
134 2406104
135 2460375
136 2515456
137 2571353
138 2628072
139 2685619
140 2744000
141 2803221
142 2863288
143 2924207
144 2985984
145 3048625
146 3112136
147 3176523
148 3241792
149 3307949
150 3375000
151 3442951
152 3511808
153 3581577
154 3652264
155 3723875
156 3796416
157 3869893
158 3944312
159 4019679
160 4096000
161 4173281
162 4251528
163 4330747
164 4410944
165 4492125
166 4574296
167 4657463
168 4741632
169 4826809
170 4913000
171 5000211
172 5088448
173 5177717
174 5268024
175 5359375
176 5451776
177 5545233
178 5639752
179 5735339
180 5832000
181 5929741
182 6028568
183 6128487
184 6229504
185 6331625
186 6434856
187 6539203
188 6644672
189 6751269
190 6859000
191 6967871
192 7077888
193 7189057
194 7301384
195 7414875
196 7529536
197 7645373
198 7762392
199 7880599
200 8000000
201 8120601
202 8242408
203 8365427
204 8489664
205 8615125
206 8741816
207 8869743
208 8998912
209 9129329
210 9261000
211 9393931
212 9528128
213 9663597
214 9800344
215 9938375
216 10077696
217 10218313
218 10360232
219 10503459
220 10648000
221 10793861
222 10941048
223 11089567
224 11239424
225 11390625
226 11543176
227 11697083
228 11852352
229 12008989
230 12167000
231 12326391
232 12487168
233 12649337
234 12812904
235 12977875
236 13144256
237 13312053
238 13481272
239 13651919
240 13824000
241 13997521
242 14172488
243 14348907
244 14526784
245 14706125
246 14886936
247 15069223
248 15252992
249 15438249
250 15625000
251 15813251
252 16003008
253 16194277
254 16387064
255 16581375
256 16777216
257 16974593
258 17173512
259 17373979
260 17576000
261 17779581
262 17984728
263 18191447
264 18399744
265 18609625
266 18821096
267 19034163
268 19248832
269 19465109
270 19683000
271 19902511
272 20123648
273 20346417
274 20570824
275 20796875
276 21024576
277 21253933
278 21484952
279 21717639
280 21952000
281 22188041
282 22425768
283 22665187
284 22906304
285 23149125
286 23393656
287 23639903
288 23887872
289 24137569
290 24389000
291 24642171
292 24897088
293 25153757
294 25412184
295 25672375
296 25934336
297 26198073
298 26463592
299 26730899
300 27000000
301 27270901
302 27543608
303 27818127
304 28094464
305 28372625
306 28652616
307 28934443
308 29218112
309 29503629
310 29791000
311 30080231
312 30371328
313 30664297
314 30959144
315 31255875
316 31554496
317 31855013
318 32157432
319 32461759
320 32768000
321 33076161
322 33386248
323 33698267
324 34012224
325 34328125
326 34645976
327 34965783
328 35287552
329 35611289
330 35937000
331 36264691
332 36594368
333 36926037
334 37259704
335 37595375
336 37933056
337 38272753
338 38614472
339 38958219
340 39304000
341 39651821
342 40001688
343 40353607
344 40707584
345 41063625
346 41421736
347 41781923
348 42144192
349 42508549
350 42875000
351 43243551
352 43614208
353 43986977
354 44361864
355 44738875
356 45118016
357 45499293
358 45882712
359 46268279
360 46656000
361 47045881
362 47437928
363 47832147
364 48228544
365 48627125
366 49027896
367 49430863
368 49836032
369 50243409
370 50653000
371 51064811
372 51478848
373 51895117
374 52313624
375 52734375
376 53157376
377 53582633
378 54010152
379 54439939
380 54872000
381 55306341
382 55742968
383 56181887
384 56623104
385 57066625
386 57512456
387 57960603
388 58411072
389 58863869
390 59319000
391 59776471
392 60236288
393 60698457
394 61162984
395 61629875
396 62099136
397 62570773
398 63044792
399 63521199
400 64000000
401 64481201
402 64964808
403 65450827
404 65939264
405 66430125
406 66923416
407 67419143
408 67917312
409 68417929
410 68921000
411 69426531
412 69934528
413 70444997
414 70957944
415 71473375
416 71991296
417 72511713
418 73034632
419 73560059
420 74088000
421 74618461
422 75151448
423 75686967
424 76225024
425 76765625
426 77308776
427 77854483
428 78402752
429 78953589
430 79507000
431 80062991
432 80621568
433 81182737
434 81746504
435 82312875
436 82881856
437 83453453
438 84027672
439 84604519
440 85184000
441 85766121
442 86350888
443 86938307
444 87528384
445 88121125
446 88716536
447 89314623
448 89915392
449 90518849
450 91125000
451 91733851
452 92345408
453 92959677
454 93576664
455 94196375
456 94818816
457 95443993
458 96071912
459 96702579
460 97336000
461 97972181
462 98611128
463 99252847
464 99897344
465 100544625
466 101194696
467 101847563
468 102503232
469 103161709
470 103823000
471 104487111
472 105154048
473 105823817
474 106496424
475 107171875
476 107850176
477 108531333
478 109215352
479 109902239
480 110592000
481 111284641
482 111980168
483 112678587
484 113379904
485 114084125
486 114791256
487 115501303
488 116214272
489 116930169
490 117649000
491 118370771
492 119095488
493 119823157
494 120553784
495 121287375
496 122023936
497 122763473
498 123505992
499 124251499
500 125000000
501 125751501
502 126506008
503 127263527
504 128024064
505 128787625
506 129554216
507 130323843
508 131096512
509 131872229
510 132651000
511 133432831
512 134217728
513 135005697
514 135796744
515 136590875
516 137388096
517 138188413
518 138991832
519 139798359
520 140608000
521 141420761
522 142236648
523 143055667
524 143877824
525 144703125
526 145531576
527 146363183
528 147197952
529 148035889
530 148877000
531 149721291
532 150568768
533 151419437
534 152273304
535 153130375
536 153990656
537 154854153
538 155720872
539 156590819
540 157464000
541 158340421
542 159220088
543 160103007
544 160989184
545 161878625
546 162771336
547 163667323
548 164566592
549 165469149
550 166375000
551 167284151
552 168196608
553 169112377
554 170031464
555 170953875
556 171879616
557 172808693
558 173741112
559 174676879
560 175616000
561 176558481
562 177504328
563 178453547
564 179406144
565 180362125
566 181321496
567 182284263
568 183250432
569 184220009
570 185193000
571 186169411
572 187149248
573 188132517
574 189119224
575 190109375
576 191102976
577 192100033
578 193100552
579 194104539
580 195112000
581 196122941
582 197137368
583 198155287
584 199176704
585 200201625
586 201230056
587 202262003
588 203297472
589 204336469
590 205379000
591 206425071
592 207474688
593 208527857
594 209584584
595 210644875
596 211708736
597 212776173
598 213847192
599 214921799
600 216000000
601 217081801
602 218167208
603 219256227
604 220348864
605 221445125
606 222545016
607 223648543
608 224755712
609 225866529
610 226981000
611 228099131
612 229220928
613 230346397
614 231475544
615 232608375
616 233744896
617 234885113
618 236029032
619 237176659
620 238328000
621 239483061
622 240641848
623 241804367
624 242970624
625 244140625
626 245314376
627 246491883
628 247673152
629 248858189
630 250047000
631 251239591
632 252435968
633 253636137
634 254840104
635 256047875
636 257259456
637 258474853
638 259694072
639 260917119
640 262144000
641 263374721
642 264609288
643 265847707
644 267089984
645 268336125
646 269586136
647 270840023
648 272097792
649 273359449
650 274625000
651 275894451
652 277167808
653 278445077
654 279726264
655 281011375
656 282300416
657 283593393
658 284890312
659 286191179
660 287496000
661 288804781
662 290117528
663 291434247
664 292754944
665 294079625
666 295408296
667 296740963
668 298077632
669 299418309
670 300763000
671 302111711
672 303464448
673 304821217
674 306182024
675 307546875
676 308915776
677 310288733
678 311665752
679 313046839
680 314432000
681 315821241
682 317214568
683 318611987
684 320013504
685 321419125
686 322828856
687 324242703
688 325660672
689 327082769
690 328509000
691 329939371
692 331373888
693 332812557
694 334255384
695 335702375
696 337153536
697 338608873
698 340068392
699 341532099
700 343000000
701 344472101
702 345948408
703 347428927
704 348913664
705 350402625
706 351895816
707 353393243
708 354894912
709 356400829
710 357911000
711 359425431
712 360944128
713 362467097
714 363994344
715 365525875
716 367061696
717 368601813
718 370146232
719 371694959
720 373248000
721 374805361
722 376367048
723 377933067
724 379503424
725 381078125
726 382657176
727 384240583
728 385828352
729 387420489
730 389017000
731 390617891
732 392223168
733 393832837
734 395446904
735 397065375
736 398688256
737 400315553
738 401947272
739 403583419
740 405224000
741 406869021
742 408518488
743 410172407
744 411830784
745 413493625
746 415160936
747 416832723
748 418508992
749 420189749
750 421875000
751 423564751
752 425259008
753 426957777
754 428661064
755 430368875
756 432081216
757 433798093
758 435519512
759 437245479
760 438976000
761 440711081
762 442450728
763 444194947
764 445943744
765 447697125
766 449455096
767 451217663
768 452984832
769 454756609
770 456533000
771 458314011
772 460099648
773 461889917
774 463684824
775 465484375
776 467288576
777 469097433
778 470910952
779 472729139
780 474552000
781 476379541
782 478211768
783 480048687
784 481890304
785 483736625
786 485587656
787 487443403
788 489303872
789 491169069
790 493039000
791 494913671
792 496793088
793 498677257
794 500566184
795 502459875
796 504358336
797 506261573
798 508169592
799 510082399
800 512000000
801 513922401
802 515849608
803 517781627
804 519718464
805 521660125
806 523606616
807 525557943
808 527514112
809 529475129
810 531441000
811 533411731
812 535387328
813 537367797
814 539353144
815 541343375
816 543338496
817 545338513
818 547343432
819 549353259
820 551368000
821 553387661
822 555412248
823 557441767
824 559476224
825 561515625
826 563559976
827 565609283
828 567663552
829 569722789
830 571787000
831 573856191
832 575930368
833 578009537
834 580093704
835 582182875
836 584277056
837 586376253
838 588480472
839 590589719
840 592704000
841 594823321
842 596947688
843 599077107
844 601211584
845 603351125
846 605495736
847 607645423
848 609800192
849 611960049
850 614125000
851 616295051
852 618470208
853 620650477
854 622835864
855 625026375
856 627222016
857 629422793
858 631628712
859 633839779
860 636056000
861 638277381
862 640503928
863 642735647
864 644972544
865 647214625
866 649461896
867 651714363
868 653972032
869 656234909
870 658503000
871 660776311
872 663054848
873 665338617
874 667627624
875 669921875
876 672221376
877 674526133
878 676836152
879 679151439
880 681472000
881 683797841
882 686128968
883 688465387
884 690807104
885 693154125
886 695506456
887 697864103
888 700227072
889 702595369
890 704969000
891 707347971
892 709732288
893 712121957
894 714516984
895 716917375
896 719323136
897 721734273
898 724150792
899 726572699
900 729000000
901 731432701
902 733870808
903 736314327
904 738763264
905 741217625
906 743677416
907 746142643
908 748613312
909 751089429
910 753571000
911 756058031
912 758550528
913 761048497
914 763551944
915 766060875
916 768575296
917 771095213
918 773620632
919 776151559
920 778688000
921 781229961
922 783777448
923 786330467
924 788889024
925 791453125
926 794022776
927 796597983
928 799178752
929 801765089
930 804357000
931 806954491
932 809557568
933 812166237
934 814780504
935 817400375
936 820025856
937 822656953
938 825293672
939 827936019
940 830584000
941 833237621
942 835896888
943 838561807
944 841232384
945 843908625
946 846590536
947 849278123
948 851971392
949 854670349
950 857375000
951 860085351
952 862801408
953 865523177
954 868250664
955 870983875
956 873722816
957 876467493
958 879217912
959 881974079
960 884736000
961 887503681
962 890277128
963 893056347
964 895841344
965 898632125
966 901428696
967 904231063
968 907039232
969 909853209
970 912673000
971 915498611
972 918330048
973 921167317
974 924010424
975 926859375
976 929714176
977 932574833
978 935441352
979 938313739
980 941192000
981 944076141
982 946966168
983 949862087
984 952763904
985 955671625
986 958585256
987 961504803
988 964430272
989 967361669
990 970299000
991 973242271
992 976191488
993 979146657
994 982107784
995 985074875
996 988047936
997 991026973
998 994011992
999 997002999
1000 1000000000
1001 1003003001
1002 1006012008
1003 1009027027
1004 1012048064
1005 1015075125
1006 1018108216
1007 1021147343
1008 1024192512
1009 1027243729
1010 1030301000
1011 1033364331
1012 1036433728
1013 1039509197
1014 1042590744
1015 1045678375
1016 1048772096
1017 1051871913
1018 1054977832
1019 1058089859
1020 1061208000
1021 1064332261
1022 1067462648
1023 1070599167
1024 1073741824
1025 1076890625
1026 1080045576
1027 1083206683
1028 1086373952
1029 1089547389
1030 1092727000
1031 1095912791
1032 1099104768
1033 1102302937
1034 1105507304
1035 1108717875
1036 1111934656
1037 1115157653
1038 1118386872
1039 1121622319
1040 1124864000
1041 1128111921
1042 1131366088
1043 1134626507
1044 1137893184
1045 1141166125
1046 1144445336
1047 1147730823
1048 1151022592
1049 1154320649
1050 1157625000
1051 1160935651
1052 1164252608
1053 1167575877
1054 1170905464
1055 1174241375
1056 1177583616
1057 1180932193
1058 1184287112
1059 1187648379
1060 1191016000
1061 1194389981
1062 1197770328
1063 1201157047
1064 1204550144
1065 1207949625
1066 1211355496
1067 1214767763
1068 1218186432
1069 1221611509
1070 1225043000
1071 1228480911
1072 1231925248
1073 1235376017
1074 1238833224
1075 1242296875
1076 1245766976
1077 1249243533
1078 1252726552
1079 1256216039
1080 1259712000
1081 1263214441
1082 1266723368
1083 1270238787
1084 1273760704
1085 1277289125
1086 1280824056
1087 1284365503
1088 1287913472
1089 1291467969
1090 1295029000
1091 1298596571
1092 1302170688
1093 1305751357
1094 1309338584
1095 1312932375
1096 1316532736
1097 1320139673
1098 1323753192
1099 1327373299
1100 1331000000
1101 1334633301
1102 1338273208
1103 1341919727
1104 1345572864
1105 1349232625
1106 1352899016
1107 1356572043
1108 1360251712
1109 1363938029
1110 1367631000
1111 1371330631
1112 1375036928
1113 1378749897
1114 1382469544
1115 1386195875
1116 1389928896
1117 1393668613
1118 1397415032
1119 1401168159
1120 1404928000
1121 1408694561
1122 1412467848
1123 1416247867
1124 1420034624
1125 1423828125
1126 1427628376
1127 1431435383
1128 1435249152
1129 1439069689
1130 1442897000
1131 1446731091
1132 1450571968
1133 1454419637
1134 1458274104
1135 1462135375
1136 1466003456
1137 1469878353
1138 1473760072
1139 1477648619
1140 1481544000
1141 1485446221
1142 1489355288
1143 1493271207
1144 1497193984
1145 1501123625
1146 1505060136
1147 1509003523
1148 1512953792
1149 1516910949
1150 1520875000
1151 1524845951
1152 1528823808
1153 1532808577
1154 1536800264
1155 1540798875
1156 1544804416
1157 1548816893
1158 1552836312
1159 1556862679
1160 1560896000
1161 1564936281
1162 1568983528
1163 1573037747
1164 1577098944
1165 1581167125
1166 1585242296
1167 1589324463
1168 1593413632
1169 1597509809
1170 1601613000
1171 1605723211
1172 1609840448
1173 1613964717
1174 1618096024
1175 1622234375
1176 1626379776
1177 1630532233
1178 1634691752
1179 1638858339
1180 1643032000
1181 1647212741
1182 1651400568
1183 1655595487
1184 1659797504
1185 1664006625
1186 1668222856
1187 1672446203
1188 1676676672
1189 1680914269
1190 1685159000
1191 1689410871
1192 1693669888
1193 1697936057
1194 1702209384
1195 1706489875
1196 1710777536
1197 1715072373
1198 1719374392
1199 1723683599
1200 1728000000
1201 1732323601
1202 1736654408
1203 1740992427
1204 1745337664
1205 1749690125
1206 1754049816
1207 1758416743
1208 1762790912
1209 1767172329
1210 1771561000
1211 1775956931
1212 1780360128
1213 1784770597
1214 1789188344
1215 1793613375
1216 1798045696
1217 1802485313
1218 1806932232
1219 1811386459
1220 1815848000
1221 1820316861
1222 1824793048
1223 1829276567
1224 1833767424
1225 1838265625
1226 1842771176
1227 1847284083
1228 1851804352
1229 1856331989
1230 1860867000
1231 1865409391
1232 1869959168
1233 1874516337
1234 1879080904
1235 1883652875
1236 1888232256
1237 1892819053
1238 1897413272
1239 1902014919
1240 1906624000
1241 1911240521
1242 1915864488
1243 1920495907
1244 1925134784
1245 1929781125
1246 1934434936
1247 1939096223
1248 1943764992
1249 1948441249
1250 1953125000
1251 1957816251
1252 1962515008
1253 1967221277
1254 1971935064
1255 1976656375
1256 1981385216
1257 1986121593
1258 1990865512
1259 1995616979
1260 2000376000
1261 2005142581
1262 2009916728
1263 2014698447
1264 2019487744
1265 2024284625
1266 2029089096
1267 2033901163
1268 2038720832
1269 2043548109
1270 2048383000
1271 2053225511
1272 2058075648
1273 2062933417
1274 2067798824
1275 2072671875
1276 2077552576
1277 2082440933
1278 2087336952
1279 2092240639
1280 2097152000
1281 2102071041
1282 2106997768
1283 2111932187
1284 2116874304
1285 2121824125
1286 2126781656
1287 2131746903
1288 2136719872
1289 2141700569
1290 2146689000
1291 2151685171
1292 2156689088
1293 2161700757
1294 2166720184
1295 2171747375
1296 2176782336
1297 2181825073
1298 2186875592
1299 2191933899
1300 2197000000
1301 2202073901
1302 2207155608
1303 2212245127
1304 2217342464
1305 2222447625
1306 2227560616
1307 2232681443
1308 2237810112
1309 2242946629
1310 2248091000
1311 2253243231
1312 2258403328
1313 2263571297
1314 2268747144
1315 2273930875
1316 2279122496
1317 2284322013
1318 2289529432
1319 2294744759
1320 2299968000
1321 2305199161
1322 2310438248
1323 2315685267
1324 2320940224
1325 2326203125
1326 2331473976
1327 2336752783
1328 2342039552
1329 2347334289
1330 2352637000
1331 2357947691
1332 2363266368
1333 2368593037
1334 2373927704
1335 2379270375
1336 2384621056
1337 2389979753
1338 2395346472
1339 2400721219
1340 2406104000
1341 2411494821
1342 2416893688
1343 2422300607
1344 2427715584
1345 2433138625
1346 2438569736
1347 2444008923
1348 2449456192
1349 2454911549
1350 2460375000
1351 2465846551
1352 2471326208
1353 2476813977
1354 2482309864
1355 2487813875
1356 2493326016
1357 2498846293
1358 2504374712
1359 2509911279
1360 2515456000
1361 2521008881
1362 2526569928
1363 2532139147
1364 2537716544
1365 2543302125
1366 2548895896
1367 2554497863
1368 2560108032
1369 2565726409
1370 2571353000
1371 2576987811
1372 2582630848
1373 2588282117
1374 2593941624
1375 2599609375
1376 2605285376
1377 2610969633
1378 2616662152
1379 2622362939
1380 2628072000
1381 2633789341
1382 2639514968
1383 2645248887
1384 2650991104
1385 2656741625
1386 2662500456
1387 2668267603
1388 2674043072
1389 2679826869
1390 2685619000
1391 2691419471
1392 2697228288
1393 2703045457
1394 2708870984
1395 2714704875
1396 2720547136
1397 2726397773
1398 2732256792
1399 2738124199
1400 2744000000
1401 2749884201
1402 2755776808
1403 2761677827
1404 2767587264
1405 2773505125
1406 2779431416
1407 2785366143
1408 2791309312
1409 2797260929
1410 2803221000
1411 2809189531
1412 2815166528
1413 2821151997
1414 2827145944
1415 2833148375
1416 2839159296
1417 2845178713
1418 2851206632
1419 2857243059
1420 2863288000
1421 2869341461
1422 2875403448
1423 2881473967
1424 2887553024
1425 2893640625
1426 2899736776
1427 2905841483
1428 2911954752
1429 2918076589
1430 2924207000
1431 2930345991
1432 2936493568
1433 2942649737
1434 2948814504
1435 2954987875
1436 2961169856
1437 2967360453
1438 2973559672
1439 2979767519
1440 2985984000
1441 2992209121
1442 2998442888
1443 3004685307
1444 3010936384
1445 3017196125
1446 3023464536
1447 3029741623
1448 3036027392
1449 3042321849
1450 3048625000
1451 3054936851
1452 3061257408
1453 3067586677
1454 3073924664
1455 3080271375
1456 3086626816
1457 3092990993
1458 3099363912
1459 3105745579
1460 3112136000
1461 3118535181
1462 3124943128
1463 3131359847
1464 3137785344
1465 3144219625
1466 3150662696
1467 3157114563
1468 3163575232
1469 3170044709
1470 3176523000
1471 3183010111
1472 3189506048
1473 3196010817
1474 3202524424
1475 3209046875
1476 3215578176
1477 3222118333
1478 3228667352
1479 3235225239
1480 3241792000
1481 3248367641
1482 3254952168
1483 3261545587
1484 3268147904
1485 3274759125
1486 3281379256
1487 3288008303
1488 3294646272
1489 3301293169
1490 3307949000
1491 3314613771
1492 3321287488
1493 3327970157
1494 3334661784
1495 3341362375
1496 3348071936
1497 3354790473
1498 3361517992
1499 3368254499
1500 3375000000
1501 3381754501
1502 3388518008
1503 3395290527
1504 3402072064
1505 3408862625
1506 3415662216
1507 3422470843
1508 3429288512
1509 3436115229
1510 3442951000
1511 3449795831
1512 3456649728
1513 3463512697
1514 3470384744
1515 3477265875
1516 3484156096
1517 3491055413
1518 3497963832
1519 3504881359
1520 3511808000
1521 3518743761
1522 3525688648
1523 3532642667
1524 3539605824
1525 3546578125
1526 3553559576
1527 3560550183
1528 3567549952
1529 3574558889
1530 3581577000
1531 3588604291
1532 3595640768
1533 3602686437
1534 3609741304
1535 3616805375
1536 3623878656
1537 3630961153
1538 3638052872
1539 3645153819
1540 3652264000
1541 3659383421
1542 3666512088
1543 3673650007
1544 3680797184
1545 3687953625
1546 3695119336
1547 3702294323
1548 3709478592
1549 3716672149
1550 3723875000
1551 3731087151
1552 3738308608
1553 3745539377
1554 3752779464
1555 3760028875
1556 3767287616
1557 3774555693
1558 3781833112
1559 3789119879
1560 3796416000
1561 3803721481
1562 3811036328
1563 3818360547
1564 3825694144
1565 3833037125
1566 3840389496
1567 3847751263
1568 3855122432
1569 3862503009
1570 3869893000
1571 3877292411
1572 3884701248
1573 3892119517
1574 3899547224
1575 3906984375
1576 3914430976
1577 3921887033
1578 3929352552
1579 3936827539
1580 3944312000
1581 3951805941
1582 3959309368
1583 3966822287
1584 3974344704
1585 3981876625
1586 3989418056
1587 3996969003
1588 4004529472
1589 4012099469
1590 4019679000
1591 4027268071
1592 4034866688
1593 4042474857
1594 4050092584
1595 4057719875
1596 4065356736
1597 4073003173
1598 4080659192
1599 4088324799
1600 4096000000
1601 4103684801
1602 4111379208
1603 4119083227
1604 4126796864
1605 4134520125
1606 4142253016
1607 4149995543
1608 4157747712
1609 4165509529
1610 4173281000
1611 4181062131
1612 4188852928
1613 4196653397
1614 4204463544
1615 4212283375
1616 4220112896
1617 4227952113
1618 4235801032
1619 4243659659
1620 4251528000
1621 4259406061
1622 4267293848
1623 4275191367
1624 4283098624
1625 4291015625
1626 4298942376
1627 4306878883
1628 4314825152
1629 4322781189
1630 4330747000
1631 4338722591
1632 4346707968
1633 4354703137
1634 4362708104
1635 4370722875
1636 4378747456
1637 4386781853
1638 4394826072
1639 4402880119
1640 4410944000
1641 4419017721
1642 4427101288
1643 4435194707
1644 4443297984
1645 4451411125
1646 4459534136
1647 4467667023
1648 4475809792
1649 4483962449
1650 4492125000
1651 4500297451
1652 4508479808
1653 4516672077
1654 4524874264
1655 4533086375
1656 4541308416
1657 4549540393
1658 4557782312
1659 4566034179
1660 4574296000
1661 4582567781
1662 4590849528
1663 4599141247
1664 4607442944
1665 4615754625
1666 4624076296
1667 4632407963
1668 4640749632
1669 4649101309
1670 4657463000
1671 4665834711
1672 4674216448
1673 4682608217
1674 4691010024
1675 4699421875
1676 4707843776
1677 4716275733
1678 4724717752
1679 4733169839
1680 4741632000
1681 4750104241
1682 4758586568
1683 4767078987
1684 4775581504
1685 4784094125
1686 4792616856
1687 4801149703
1688 4809692672
1689 4818245769
1690 4826809000
1691 4835382371
1692 4843965888
1693 4852559557
1694 4861163384
1695 4869777375
1696 4878401536
1697 4887035873
1698 4895680392
1699 4904335099
1700 4913000000
1701 4921675101
1702 4930360408
1703 4939055927
1704 4947761664
1705 4956477625
1706 4965203816
1707 4973940243
1708 4982686912
1709 4991443829
1710 5000211000
1711 5008988431
1712 5017776128
1713 5026574097
1714 5035382344
1715 5044200875
1716 5053029696
1717 5061868813
1718 5070718232
1719 5079577959
1720 5088448000
1721 5097328361
1722 5106219048
1723 5115120067
1724 5124031424
1725 5132953125
1726 5141885176
1727 5150827583
1728 5159780352
1729 5168743489
1730 5177717000
1731 5186700891
1732 5195695168
1733 5204699837
1734 5213714904
1735 5222740375
1736 5231776256
1737 5240822553
1738 5249879272
1739 5258946419
1740 5268024000
1741 5277112021
1742 5286210488
1743 5295319407
1744 5304438784
1745 5313568625
1746 5322708936
1747 5331859723
1748 5341020992
1749 5350192749
1750 5359375000
1751 5368567751
1752 5377771008
1753 5386984777
1754 5396209064
1755 5405443875
1756 5414689216
1757 5423945093
1758 5433211512
1759 5442488479
1760 5451776000
1761 5461074081
1762 5470382728
1763 5479701947
1764 5489031744
1765 5498372125
1766 5507723096
1767 5517084663
1768 5526456832
1769 5535839609
1770 5545233000
1771 5554637011
1772 5564051648
1773 5573476917
1774 5582912824
1775 5592359375
1776 5601816576
1777 5611284433
1778 5620762952
1779 5630252139
1780 5639752000
1781 5649262541
1782 5658783768
1783 5668315687
1784 5677858304
1785 5687411625
1786 5696975656
1787 5706550403
1788 5716135872
1789 5725732069
1790 5735339000
1791 5744956671
1792 5754585088
1793 5764224257
1794 5773874184
1795 5783534875
1796 5793206336
1797 5802888573
1798 5812581592
1799 5822285399
1800 5832000000
1801 5841725401
1802 5851461608
1803 5861208627
1804 5870966464
1805 5880735125
1806 5890514616
1807 5900304943
1808 5910106112
1809 5919918129
1810 5929741000
1811 5939574731
1812 5949419328
1813 5959274797
1814 5969141144
1815 5979018375
1816 5988906496
1817 5998805513
1818 6008715432
1819 6018636259
1820 6028568000
1821 6038510661
1822 6048464248
1823 6058428767
1824 6068404224
1825 6078390625
1826 6088387976
1827 6098396283
1828 6108415552
1829 6118445789
1830 6128487000
1831 6138539191
1832 6148602368
1833 6158676537
1834 6168761704
1835 6178857875
1836 6188965056
1837 6199083253
1838 6209212472
1839 6219352719
1840 6229504000
1841 6239666321
1842 6249839688
1843 6260024107
1844 6270219584
1845 6280426125
1846 6290643736
1847 6300872423
1848 6311112192
1849 6321363049
1850 6331625000
1851 6341898051
1852 6352182208
1853 6362477477
1854 6372783864
1855 6383101375
1856 6393430016
1857 6403769793
1858 6414120712
1859 6424482779
1860 6434856000
1861 6445240381
1862 6455635928
1863 6466042647
1864 6476460544
1865 6486889625
1866 6497329896
1867 6507781363
1868 6518244032
1869 6528717909
1870 6539203000
1871 6549699311
1872 6560206848
1873 6570725617
1874 6581255624
1875 6591796875
1876 6602349376
1877 6612913133
1878 6623488152
1879 6634074439
1880 6644672000
1881 6655280841
1882 6665900968
1883 6676532387
1884 6687175104
1885 6697829125
1886 6708494456
1887 6719171103
1888 6729859072
1889 6740558369
1890 6751269000
1891 6761990971
1892 6772724288
1893 6783468957
1894 6794224984
1895 6804992375
1896 6815771136
1897 6826561273
1898 6837362792
1899 6848175699
1900 6859000000
1901 6869835701
1902 6880682808
1903 6891541327
1904 6902411264
1905 6913292625
1906 6924185416
1907 6935089643
1908 6946005312
1909 6956932429
1910 6967871000
1911 6978821031
1912 6989782528
1913 7000755497
1914 7011739944
1915 7022735875
1916 7033743296
1917 7044762213
1918 7055792632
1919 7066834559
1920 7077888000
1921 7088952961
1922 7100029448
1923 7111117467
1924 7122217024
1925 7133328125
1926 7144450776
1927 7155584983
1928 7166730752
1929 7177888089
1930 7189057000
1931 7200237491
1932 7211429568
1933 7222633237
1934 7233848504
1935 7245075375
1936 7256313856
1937 7267563953
1938 7278825672
1939 7290099019
1940 7301384000
1941 7312680621
1942 7323988888
1943 7335308807
1944 7346640384
1945 7357983625
1946 7369338536
1947 7380705123
1948 7392083392
1949 7403473349
1950 7414875000
1951 7426288351
1952 7437713408
1953 7449150177
1954 7460598664
1955 7472058875
1956 7483530816
1957 7495014493
1958 7506509912
1959 7518017079
1960 7529536000
1961 7541066681
1962 7552609128
1963 7564163347
1964 7575729344
1965 7587307125
1966 7598896696
1967 7610498063
1968 7622111232
1969 7633736209
1970 7645373000
1971 7657021611
1972 7668682048
1973 7680354317
1974 7692038424
1975 7703734375
1976 7715442176
1977 7727161833
1978 7738893352
1979 7750636739
1980 7762392000
1981 7774159141
1982 7785938168
1983 7797729087
1984 7809531904
1985 7821346625
1986 7833173256
1987 7845011803
1988 7856862272
1989 7868724669
1990 7880599000
1991 7892485271
1992 7904383488
1993 7916293657
1994 7928215784
1995 7940149875
1996 7952095936
1997 7964053973
1998 7976023992
1999 7988005999
2000 8000000000
2001 8012006001
2002 8024024008
2003 8036054027
2004 8048096064
2005 8060150125
2006 8072216216
2007 8084294343
2008 8096384512
2009 8108486729
2010 8120601000
2011 8132727331
2012 8144865728
2013 8157016197
2014 8169178744
2015 8181353375
2016 8193540096
2017 8205738913
2018 8217949832
2019 8230172859
2020 8242408000
2021 8254655261
2022 8266914648
2023 8279186167
2024 8291469824
2025 8303765625
2026 8316073576
2027 8328393683
2028 8340725952
2029 8353070389
2030 8365427000
2031 8377795791
2032 8390176768
2033 8402569937
2034 8414975304
2035 8427392875
2036 8439822656
2037 8452264653
2038 8464718872
2039 8477185319
2040 8489664000
2041 8502154921
2042 8514658088
2043 8527173507
2044 8539701184
2045 8552241125
2046 8564793336
2047 8577357823
2048 8589934592
2049 8602523649
2050 8615125000
2051 8627738651
2052 8640364608
2053 8653002877
2054 8665653464
2055 8678316375
2056 8690991616
2057 8703679193
2058 8716379112
2059 8729091379
2060 8741816000
2061 8754552981
2062 8767302328
2063 8780064047
2064 8792838144
2065 8805624625
2066 8818423496
2067 8831234763
2068 8844058432
2069 8856894509
2070 8869743000
2071 8882603911
2072 8895477248
2073 8908363017
2074 8921261224
2075 8934171875
2076 8947094976
2077 8960030533
2078 8972978552
2079 8985939039
2080 8998912000
2081 9011897441
2082 9024895368
2083 9037905787
2084 9050928704
2085 9063964125
2086 9077012056
2087 9090072503
2088 9103145472
2089 9116230969
2090 9129329000
2091 9142439571
2092 9155562688
2093 9168698357
2094 9181846584
2095 9195007375
2096 9208180736
2097 9221366673
2098 9234565192
2099 9247776299
2100 9261000000
2101 9274236301
2102 9287485208
2103 9300746727
2104 9314020864
2105 9327307625
2106 9340607016
2107 9353919043
2108 9367243712
2109 9380581029
2110 9393931000
2111 9407293631
2112 9420668928
2113 9434056897
2114 9447457544
2115 9460870875
2116 9474296896
2117 9487735613
2118 9501187032
2119 9514651159
2120 9528128000
2121 9541617561
2122 9555119848
2123 9568634867
2124 9582162624
2125 9595703125
2126 9609256376
2127 9622822383
2128 9636401152
2129 9649992689
2130 9663597000
2131 9677214091
2132 9690843968
2133 9704486637
2134 9718142104
2135 9731810375
2136 9745491456
2137 9759185353
2138 9772892072
2139 9786611619
2140 9800344000
2141 9814089221
2142 9827847288
2143 9841618207
2144 9855401984
2145 9869198625
2146 9883008136
2147 9896830523
2148 9910665792
2149 9924513949
2150 9938375000
2151 9952248951
2152 9966135808
2153 9980035577
2154 9993948264
2155 10007873875
2156 10021812416
2157 10035763893
2158 10049728312
2159 10063705679
2160 10077696000
2161 10091699281
2162 10105715528
2163 10119744747
2164 10133786944
2165 10147842125
2166 10161910296
2167 10175991463
2168 10190085632
2169 10204192809
2170 10218313000
2171 10232446211
2172 10246592448
2173 10260751717
2174 10274924024
2175 10289109375
2176 10303307776
2177 10317519233
2178 10331743752
2179 10345981339
2180 10360232000
2181 10374495741
2182 10388772568
2183 10403062487
2184 10417365504
2185 10431681625
2186 10446010856
2187 10460353203
2188 10474708672
2189 10489077269
2190 10503459000
2191 10517853871
2192 10532261888
2193 10546683057
2194 10561117384
2195 10575564875
2196 10590025536
2197 10604499373
2198 10618986392
2199 10633486599
2200 10648000000
2201 10662526601
2202 10677066408
2203 10691619427
2204 10706185664
2205 10720765125
2206 10735357816
2207 10749963743
2208 10764582912
2209 10779215329
2210 10793861000
2211 10808519931
2212 10823192128
2213 10837877597
2214 10852576344
2215 10867288375
2216 10882013696
2217 10896752313
2218 10911504232
2219 10926269459
2220 10941048000
2221 10955839861
2222 10970645048
2223 10985463567
2224 11000295424
2225 11015140625
2226 11029999176
2227 11044871083
2228 11059756352
2229 11074654989
2230 11089567000
2231 11104492391
2232 11119431168
2233 11134383337
2234 11149348904
2235 11164327875
2236 11179320256
2237 11194326053
2238 11209345272
2239 11224377919
2240 11239424000
2241 11254483521
2242 11269556488
2243 11284642907
2244 11299742784
2245 11314856125
2246 11329982936
2247 11345123223
2248 11360276992
2249 11375444249
2250 11390625000
2251 11405819251
2252 11421027008
2253 11436248277
2254 11451483064
2255 11466731375
2256 11481993216
2257 11497268593
2258 11512557512
2259 11527859979
2260 11543176000
2261 11558505581
2262 11573848728
2263 11589205447
2264 11604575744
2265 11619959625
2266 11635357096
2267 11650768163
2268 11666192832
2269 11681631109
2270 11697083000
2271 11712548511
2272 11728027648
2273 11743520417
2274 11759026824
2275 11774546875
2276 11790080576
2277 11805627933
2278 11821188952
2279 11836763639
2280 11852352000
2281 11867954041
2282 11883569768
2283 11899199187
2284 11914842304
2285 11930499125
2286 11946169656
2287 11961853903
2288 11977551872
2289 11993263569
2290 12008989000
2291 12024728171
2292 12040481088
2293 12056247757
2294 12072028184
2295 12087822375
2296 12103630336
2297 12119452073
2298 12135287592
2299 12151136899
2300 12167000000
2301 12182876901
2302 12198767608
2303 12214672127
2304 12230590464
2305 12246522625
2306 12262468616
2307 12278428443
2308 12294402112
2309 12310389629
2310 12326391000
2311 12342406231
2312 12358435328
2313 12374478297
2314 12390535144
2315 12406605875
2316 12422690496
2317 12438789013
2318 12454901432
2319 12471027759
2320 12487168000
2321 12503322161
2322 12519490248
2323 12535672267
2324 12551868224
2325 12568078125
2326 12584301976
2327 12600539783
2328 12616791552
2329 12633057289
2330 12649337000
2331 12665630691
2332 12681938368
2333 12698260037
2334 12714595704
2335 12730945375
2336 12747309056
2337 12763686753
2338 12780078472
2339 12796484219
2340 12812904000
2341 12829337821
2342 12845785688
2343 12862247607
2344 12878723584
2345 12895213625
2346 12911717736
2347 12928235923
2348 12944768192
2349 12961314549
2350 12977875000
2351 12994449551
2352 13011038208
2353 13027640977
2354 13044257864
2355 13060888875
2356 13077534016
2357 13094193293
2358 13110866712
2359 13127554279
2360 13144256000
2361 13160971881
2362 13177701928
2363 13194446147
2364 13211204544
2365 13227977125
2366 13244763896
2367 13261564863
2368 13278380032
2369 13295209409
2370 13312053000
2371 13328910811
2372 13345782848
2373 13362669117
2374 13379569624
2375 13396484375
2376 13413413376
2377 13430356633
2378 13447314152
2379 13464285939
2380 13481272000
2381 13498272341
2382 13515286968
2383 13532315887
2384 13549359104
2385 13566416625
2386 13583488456
2387 13600574603
2388 13617675072
2389 13634789869
2390 13651919000
2391 13669062471
2392 13686220288
2393 13703392457
2394 13720578984
2395 13737779875
2396 13754995136
2397 13772224773
2398 13789468792
2399 13806727199
2400 13824000000
2401 13841287201
2402 13858588808
2403 13875904827
2404 13893235264
2405 13910580125
2406 13927939416
2407 13945313143
2408 13962701312
2409 13980103929
2410 13997521000
2411 14014952531
2412 14032398528
2413 14049858997
2414 14067333944
2415 14084823375
2416 14102327296
2417 14119845713
2418 14137378632
2419 14154926059
2420 14172488000
2421 14190064461
2422 14207655448
2423 14225260967
2424 14242881024
2425 14260515625
2426 14278164776
2427 14295828483
2428 14313506752
2429 14331199589
2430 14348907000
2431 14366628991
2432 14384365568
2433 14402116737
2434 14419882504
2435 14437662875
2436 14455457856
2437 14473267453
2438 14491091672
2439 14508930519
2440 14526784000
2441 14544652121
2442 14562534888
2443 14580432307
2444 14598344384
2445 14616271125
2446 14634212536
2447 14652168623
2448 14670139392
2449 14688124849
2450 14706125000
2451 14724139851
2452 14742169408
2453 14760213677
2454 14778272664
2455 14796346375
2456 14814434816
2457 14832537993
2458 14850655912
2459 14868788579
2460 14886936000
2461 14905098181
2462 14923275128
2463 14941466847
2464 14959673344
2465 14977894625
2466 14996130696
2467 15014381563
2468 15032647232
2469 15050927709
2470 15069223000
2471 15087533111
2472 15105858048
2473 15124197817
2474 15142552424
2475 15160921875
2476 15179306176
2477 15197705333
2478 15216119352
2479 15234548239
2480 15252992000
2481 15271450641
2482 15289924168
2483 15308412587
2484 15326915904
2485 15345434125
2486 15363967256
2487 15382515303
2488 15401078272
2489 15419656169
2490 15438249000
2491 15456856771
2492 15475479488
2493 15494117157
2494 15512769784
2495 15531437375
2496 15550119936
2497 15568817473
2498 15587529992
2499 15606257499
2500 15625000000
2501 15643757501
2502 15662530008
2503 15681317527
2504 15700120064
2505 15718937625
2506 15737770216
2507 15756617843
2508 15775480512
2509 15794358229
2510 15813251000
2511 15832158831
2512 15851081728
2513 15870019697
2514 15888972744
2515 15907940875
2516 15926924096
2517 15945922413
2518 15964935832
2519 15983964359
2520 16003008000
2521 16022066761
2522 16041140648
2523 16060229667
2524 16079333824
2525 16098453125
2526 16117587576
2527 16136737183
2528 16155901952
2529 16175081889
2530 16194277000
2531 16213487291
2532 16232712768
2533 16251953437
2534 16271209304
2535 16290480375
2536 16309766656
2537 16329068153
2538 16348384872
2539 16367716819
2540 16387064000
2541 16406426421
2542 16425804088
2543 16445197007
2544 16464605184
2545 16484028625
2546 16503467336
2547 16522921323
2548 16542390592
2549 16561875149
2550 16581375000
2551 16600890151
2552 16620420608
2553 16639966377
2554 16659527464
2555 16679103875
2556 16698695616
2557 16718302693
2558 16737925112
2559 16757562879
2560 16777216000
2561 16796884481
2562 16816568328
2563 16836267547
2564 16855982144
2565 16875712125
2566 16895457496
2567 16915218263
2568 16934994432
2569 16954786009
2570 16974593000
2571 16994415411
2572 17014253248
2573 17034106517
2574 17053975224
2575 17073859375
2576 17093758976
2577 17113674033
2578 17133604552
2579 17153550539
2580 17173512000
2581 17193488941
2582 17213481368
2583 17233489287
2584 17253512704
2585 17273551625
2586 17293606056
2587 17313676003
2588 17333761472
2589 17353862469
2590 17373979000
2591 17394111071
2592 17414258688
2593 17434421857
2594 17454600584
2595 17474794875
2596 17495004736
2597 17515230173
2598 17535471192
2599 17555727799
2600 17576000000
2601 17596287801
2602 17616591208
2603 17636910227
2604 17657244864
2605 17677595125
2606 17697961016
2607 17718342543
2608 17738739712
2609 17759152529
2610 17779581000
2611 17800025131
2612 17820484928
2613 17840960397
2614 17861451544
2615 17881958375
2616 17902480896
2617 17923019113
2618 17943573032
2619 17964142659
2620 17984728000
2621 18005329061
2622 18025945848
2623 18046578367
2624 18067226624
2625 18087890625
2626 18108570376
2627 18129265883
2628 18149977152
2629 18170704189
2630 18191447000
2631 18212205591
2632 18232979968
2633 18253770137
2634 18274576104
2635 18295397875
2636 18316235456
2637 18337088853
2638 18357958072
2639 18378843119
2640 18399744000
2641 18420660721
2642 18441593288
2643 18462541707
2644 18483505984
2645 18504486125
2646 18525482136
2647 18546494023
2648 18567521792
2649 18588565449
2650 18609625000
2651 18630700451
2652 18651791808
2653 18672899077
2654 18694022264
2655 18715161375
2656 18736316416
2657 18757487393
2658 18778674312
2659 18799877179
2660 18821096000
2661 18842330781
2662 18863581528
2663 18884848247
2664 18906130944
2665 18927429625
2666 18948744296
2667 18970074963
2668 18991421632
2669 19012784309
2670 19034163000
2671 19055557711
2672 19076968448
2673 19098395217
2674 19119838024
2675 19141296875
2676 19162771776
2677 19184262733
2678 19205769752
2679 19227292839
2680 19248832000
2681 19270387241
2682 19291958568
2683 19313545987
2684 19335149504
2685 19356769125
2686 19378404856
2687 19400056703
2688 19421724672
2689 19443408769
2690 19465109000
2691 19486825371
2692 19508557888
2693 19530306557
2694 19552071384
2695 19573852375
2696 19595649536
2697 19617462873
2698 19639292392
2699 19661138099
2700 19683000000
2701 19704878101
2702 19726772408
2703 19748682927
2704 19770609664
2705 19792552625
2706 19814511816
2707 19836487243
2708 19858478912
2709 19880486829
2710 19902511000
2711 19924551431
2712 19946608128
2713 19968681097
2714 19990770344
2715 20012875875
2716 20034997696
2717 20057135813
2718 20079290232
2719 20101460959
2720 20123648000
2721 20145851361
2722 20168071048
2723 20190307067
2724 20212559424
2725 20234828125
2726 20257113176
2727 20279414583
2728 20301732352
2729 20324066489
2730 20346417000
2731 20368783891
2732 20391167168
2733 20413566837
2734 20435982904
2735 20458415375
2736 20480864256
2737 20503329553
2738 20525811272
2739 20548309419
2740 20570824000
2741 20593355021
2742 20615902488
2743 20638466407
2744 20661046784
2745 20683643625
2746 20706256936
2747 20728886723
2748 20751532992
2749 20774195749
2750 20796875000
2751 20819570751
2752 20842283008
2753 20865011777
2754 20887757064
2755 20910518875
2756 20933297216
2757 20956092093
2758 20978903512
2759 21001731479
2760 21024576000
2761 21047437081
2762 21070314728
2763 21093208947
2764 21116119744
2765 21139047125
2766 21161991096
2767 21184951663
2768 21207928832
2769 21230922609
2770 21253933000
2771 21276960011
2772 21300003648
2773 21323063917
2774 21346140824
2775 21369234375
2776 21392344576
2777 21415471433
2778 21438614952
2779 21461775139
2780 21484952000
2781 21508145541
2782 21531355768
2783 21554582687
2784 21577826304
2785 21601086625
2786 21624363656
2787 21647657403
2788 21670967872
2789 21694295069
2790 21717639000
2791 21740999671
2792 21764377088
2793 21787771257
2794 21811182184
2795 21834609875
2796 21858054336
2797 21881515573
2798 21904993592
2799 21928488399
2800 21952000000
2801 21975528401
2802 21999073608
2803 22022635627
2804 22046214464
2805 22069810125
2806 22093422616
2807 22117051943
2808 22140698112
2809 22164361129
2810 22188041000
2811 22211737731
2812 22235451328
2813 22259181797
2814 22282929144
2815 22306693375
2816 22330474496
2817 22354272513
2818 22378087432
2819 22401919259
2820 22425768000
2821 22449633661
2822 22473516248
2823 22497415767
2824 22521332224
2825 22545265625
2826 22569215976
2827 22593183283
2828 22617167552
2829 22641168789
2830 22665187000
2831 22689222191
2832 22713274368
2833 22737343537
2834 22761429704
2835 22785532875
2836 22809653056
2837 22833790253
2838 22857944472
2839 22882115719
2840 22906304000
2841 22930509321
2842 22954731688
2843 22978971107
2844 23003227584
2845 23027501125
2846 23051791736
2847 23076099423
2848 23100424192
2849 23124766049
2850 23149125000
2851 23173501051
2852 23197894208
2853 23222304477
2854 23246731864
2855 23271176375
2856 23295638016
2857 23320116793
2858 23344612712
2859 23369125779
2860 23393656000
2861 23418203381
2862 23442767928
2863 23467349647
2864 23491948544
2865 23516564625
2866 23541197896
2867 23565848363
2868 23590516032
2869 23615200909
2870 23639903000
2871 23664622311
2872 23689358848
2873 23714112617
2874 23738883624
2875 23763671875
2876 23788477376
2877 23813300133
2878 23838140152
2879 23862997439
2880 23887872000
2881 23912763841
2882 23937672968
2883 23962599387
2884 23987543104
2885 24012504125
2886 24037482456
2887 24062478103
2888 24087491072
2889 24112521369
2890 24137569000
2891 24162633971
2892 24187716288
2893 24212815957
2894 24237932984
2895 24263067375
2896 24288219136
2897 24313388273
2898 24338574792
2899 24363778699
2900 24389000000
2901 24414238701
2902 24439494808
2903 24464768327
2904 24490059264
2905 24515367625
2906 24540693416
2907 24566036643
2908 24591397312
2909 24616775429
2910 24642171000
2911 24667584031
2912 24693014528
2913 24718462497
2914 24743927944
2915 24769410875
2916 24794911296
2917 24820429213
2918 24845964632
2919 24871517559
2920 24897088000
2921 24922675961
2922 24948281448
2923 24973904467
2924 24999545024
2925 25025203125
2926 25050878776
2927 25076571983
2928 25102282752
2929 25128011089
2930 25153757000
2931 25179520491
2932 25205301568
2933 25231100237
2934 25256916504
2935 25282750375
2936 25308601856
2937 25334470953
2938 25360357672
2939 25386262019
2940 25412184000
2941 25438123621
2942 25464080888
2943 25490055807
2944 25516048384
2945 25542058625
2946 25568086536
2947 25594132123
2948 25620195392
2949 25646276349
2950 25672375000
2951 25698491351
2952 25724625408
2953 25750777177
2954 25776946664
2955 25803133875
2956 25829338816
2957 25855561493
2958 25881801912
2959 25908060079
2960 25934336000
2961 25960629681
2962 25986941128
2963 26013270347
2964 26039617344
2965 26065982125
2966 26092364696
2967 26118765063
2968 26145183232
2969 26171619209
2970 26198073000
2971 26224544611
2972 26251034048
2973 26277541317
2974 26304066424
2975 26330609375
2976 26357170176
2977 26383748833
2978 26410345352
2979 26436959739
2980 26463592000
2981 26490242141
2982 26516910168
2983 26543596087
2984 26570299904
2985 26597021625
2986 26623761256
2987 26650518803
2988 26677294272
2989 26704087669
2990 26730899000
2991 26757728271
2992 26784575488
2993 26811440657
2994 26838323784
2995 26865224875
2996 26892143936
2997 26919080973
2998 26946035992
2999 26973008999
3000 27000000000
3001 27027009001
3002 27054036008
3003 27081081027
3004 27108144064
3005 27135225125
3006 27162324216
3007 27189441343
3008 27216576512
3009 27243729729
3010 27270901000
3011 27298090331
3012 27325297728
3013 27352523197
3014 27379766744
3015 27407028375
3016 27434308096
3017 27461605913
3018 27488921832
3019 27516255859
3020 27543608000
3021 27570978261
3022 27598366648
3023 27625773167
3024 27653197824
3025 27680640625
3026 27708101576
3027 27735580683
3028 27763077952
3029 27790593389
3030 27818127000
3031 27845678791
3032 27873248768
3033 27900836937
3034 27928443304
3035 27956067875
3036 27983710656
3037 28011371653
3038 28039050872
3039 28066748319
3040 28094464000
3041 28122197921
3042 28149950088
3043 28177720507
3044 28205509184
3045 28233316125
3046 28261141336
3047 28288984823
3048 28316846592
3049 28344726649
3050 28372625000
3051 28400541651
3052 28428476608
3053 28456429877
3054 28484401464
3055 28512391375
3056 28540399616
3057 28568426193
3058 28596471112
3059 28624534379
3060 28652616000
3061 28680715981
3062 28708834328
3063 28736971047
3064 28765126144
3065 28793299625
3066 28821491496
3067 28849701763
3068 28877930432
3069 28906177509
3070 28934443000
3071 28962726911
3072 28991029248
3073 29019350017
3074 29047689224
3075 29076046875
3076 29104422976
3077 29132817533
3078 29161230552
3079 29189662039
3080 29218112000
3081 29246580441
3082 29275067368
3083 29303572787
3084 29332096704
3085 29360639125
3086 29389200056
3087 29417779503
3088 29446377472
3089 29474993969
3090 29503629000
3091 29532282571
3092 29560954688
3093 29589645357
3094 29618354584
3095 29647082375
3096 29675828736
3097 29704593673
3098 29733377192
3099 29762179299
3100 29791000000
3101 29819839301
3102 29848697208
3103 29877573727
3104 29906468864
3105 29935382625
3106 29964315016
3107 29993266043
3108 30022235712
3109 30051224029
3110 30080231000
3111 30109256631
3112 30138300928
3113 30167363897
3114 30196445544
3115 30225545875
3116 30254664896
3117 30283802613
3118 30312959032
3119 30342134159
3120 30371328000
3121 30400540561
3122 30429771848
3123 30459021867
3124 30488290624
3125 30517578125
3126 30546884376
3127 30576209383
3128 30605553152
3129 30634915689
3130 30664297000
3131 30693697091
3132 30723115968
3133 30752553637
3134 30782010104
3135 30811485375
3136 30840979456
3137 30870492353
3138 30900024072
3139 30929574619
3140 30959144000
3141 30988732221
3142 31018339288
3143 31047965207
3144 31077609984
3145 31107273625
3146 31136956136
3147 31166657523
3148 31196377792
3149 31226116949
3150 31255875000
3151 31285651951
3152 31315447808
3153 31345262577
3154 31375096264
3155 31404948875
3156 31434820416
3157 31464710893
3158 31494620312
3159 31524548679
3160 31554496000
3161 31584462281
3162 31614447528
3163 31644451747
3164 31674474944
3165 31704517125
3166 31734578296
3167 31764658463
3168 31794757632
3169 31824875809
3170 31855013000
3171 31885169211
3172 31915344448
3173 31945538717
3174 31975752024
3175 32005984375
3176 32036235776
3177 32066506233
3178 32096795752
3179 32127104339
3180 32157432000
3181 32187778741
3182 32218144568
3183 32248529487
3184 32278933504
3185 32309356625
3186 32339798856
3187 32370260203
3188 32400740672
3189 32431240269
3190 32461759000
3191 32492296871
3192 32522853888
3193 32553430057
3194 32584025384
3195 32614639875
3196 32645273536
3197 32675926373
3198 32706598392
3199 32737289599
3200 32768000000
3201 32798729601
3202 32829478408
3203 32860246427
3204 32891033664
3205 32921840125
3206 32952665816
3207 32983510743
3208 33014374912
3209 33045258329
3210 33076161000
3211 33107082931
3212 33138024128
3213 33168984597
3214 33199964344
3215 33230963375
3216 33261981696
3217 33293019313
3218 33324076232
3219 33355152459
3220 33386248000
3221 33417362861
3222 33448497048
3223 33479650567
3224 33510823424
3225 33542015625
3226 33573227176
3227 33604458083
3228 33635708352
3229 33666977989
3230 33698267000
3231 33729575391
3232 33760903168
3233 33792250337
3234 33823616904
3235 33855002875
3236 33886408256
3237 33917833053
3238 33949277272
3239 33980740919
3240 34012224000
3241 34043726521
3242 34075248488
3243 34106789907
3244 34138350784
3245 34169931125
3246 34201530936
3247 34233150223
3248 34264788992
3249 34296447249
3250 34328125000
3251 34359822251
3252 34391539008
3253 34423275277
3254 34455031064
3255 34486806375
3256 34518601216
3257 34550415593
3258 34582249512
3259 34614102979
3260 34645976000
3261 34677868581
3262 34709780728
3263 34741712447
3264 34773663744
3265 34805634625
3266 34837625096
3267 34869635163
3268 34901664832
3269 34933714109
3270 34965783000
3271 34997871511
3272 35029979648
3273 35062107417
3274 35094254824
3275 35126421875
3276 35158608576
3277 35190814933
3278 35223040952
3279 35255286639
3280 35287552000
3281 35319837041
3282 35352141768
3283 35384466187
3284 35416810304
3285 35449174125
3286 35481557656
3287 35513960903
3288 35546383872
3289 35578826569
3290 35611289000
3291 35643771171
3292 35676273088
3293 35708794757
3294 35741336184
3295 35773897375
3296 35806478336
3297 35839079073
3298 35871699592
3299 35904339899
3300 35937000000
3301 35969679901
3302 36002379608
3303 36035099127
3304 36067838464
3305 36100597625
3306 36133376616
3307 36166175443
3308 36198994112
3309 36231832629
3310 36264691000
3311 36297569231
3312 36330467328
3313 36363385297
3314 36396323144
3315 36429280875
3316 36462258496
3317 36495256013
3318 36528273432
3319 36561310759
3320 36594368000
3321 36627445161
3322 36660542248
3323 36693659267
3324 36726796224
3325 36759953125
3326 36793129976
3327 36826326783
3328 36859543552
3329 36892780289
3330 36926037000
3331 36959313691
3332 36992610368
3333 37025927037
3334 37059263704
3335 37092620375
3336 37125997056
3337 37159393753
3338 37192810472
3339 37226247219
3340 37259704000
3341 37293180821
3342 37326677688
3343 37360194607
3344 37393731584
3345 37427288625
3346 37460865736
3347 37494462923
3348 37528080192
3349 37561717549
3350 37595375000
3351 37629052551
3352 37662750208
3353 37696467977
3354 37730205864
3355 37763963875
3356 37797742016
3357 37831540293
3358 37865358712
3359 37899197279
3360 37933056000
3361 37966934881
3362 38000833928
3363 38034753147
3364 38068692544
3365 38102652125
3366 38136631896
3367 38170631863
3368 38204652032
3369 38238692409
3370 38272753000
3371 38306833811
3372 38340934848
3373 38375056117
3374 38409197624
3375 38443359375
3376 38477541376
3377 38511743633
3378 38545966152
3379 38580208939
3380 38614472000
3381 38648755341
3382 38683058968
3383 38717382887
3384 38751727104
3385 38786091625
3386 38820476456
3387 38854881603
3388 38889307072
3389 38923752869
3390 38958219000
3391 38992705471
3392 39027212288
3393 39061739457
3394 39096286984
3395 39130854875
3396 39165443136
3397 39200051773
3398 39234680792
3399 39269330199
3400 39304000000
3401 39338690201
3402 39373400808
3403 39408131827
3404 39442883264
3405 39477655125
3406 39512447416
3407 39547260143
3408 39582093312
3409 39616946929
3410 39651821000
3411 39686715531
3412 39721630528
3413 39756565997
3414 39791521944
3415 39826498375
3416 39861495296
3417 39896512713
3418 39931550632
3419 39966609059
3420 40001688000
3421 40036787461
3422 40071907448
3423 40107047967
3424 40142209024
3425 40177390625
3426 40212592776
3427 40247815483
3428 40283058752
3429 40318322589
3430 40353607000
3431 40388911991
3432 40424237568
3433 40459583737
3434 40494950504
3435 40530337875
3436 40565745856
3437 40601174453
3438 40636623672
3439 40672093519
3440 40707584000
3441 40743095121
3442 40778626888
3443 40814179307
3444 40849752384
3445 40885346125
3446 40920960536
3447 40956595623
3448 40992251392
3449 41027927849
3450 41063625000
3451 41099342851
3452 41135081408
3453 41170840677
3454 41206620664
3455 41242421375
3456 41278242816
3457 41314084993
3458 41349947912
3459 41385831579
3460 41421736000
3461 41457661181
3462 41493607128
3463 41529573847
3464 41565561344
3465 41601569625
3466 41637598696
3467 41673648563
3468 41709719232
3469 41745810709
3470 41781923000
3471 41818056111
3472 41854210048
3473 41890384817
3474 41926580424
3475 41962796875
3476 41999034176
3477 42035292333
3478 42071571352
3479 42107871239
3480 42144192000
3481 42180533641
3482 42216896168
3483 42253279587
3484 42289683904
3485 42326109125
3486 42362555256
3487 42399022303
3488 42435510272
3489 42472019169
3490 42508549000
3491 42545099771
3492 42581671488
3493 42618264157
3494 42654877784
3495 42691512375
3496 42728167936
3497 42764844473
3498 42801541992
3499 42838260499
3500 42875000000
3501 42911760501
3502 42948542008
3503 42985344527
3504 43022168064
3505 43059012625
3506 43095878216
3507 43132764843
3508 43169672512
3509 43206601229
3510 43243551000
3511 43280521831
3512 43317513728
3513 43354526697
3514 43391560744
3515 43428615875
3516 43465692096
3517 43502789413
3518 43539907832
3519 43577047359
3520 43614208000
3521 43651389761
3522 43688592648
3523 43725816667
3524 43763061824
3525 43800328125
3526 43837615576
3527 43874924183
3528 43912253952
3529 43949604889
3530 43986977000
3531 44024370291
3532 44061784768
3533 44099220437
3534 44136677304
3535 44174155375
3536 44211654656
3537 44249175153
3538 44286716872
3539 44324279819
3540 44361864000
3541 44399469421
3542 44437096088
3543 44474744007
3544 44512413184
3545 44550103625
3546 44587815336
3547 44625548323
3548 44663302592
3549 44701078149
3550 44738875000
3551 44776693151
3552 44814532608
3553 44852393377
3554 44890275464
3555 44928178875
3556 44966103616
3557 45004049693
3558 45042017112
3559 45080005879
3560 45118016000
3561 45156047481
3562 45194100328
3563 45232174547
3564 45270270144
3565 45308387125
3566 45346525496
3567 45384685263
3568 45422866432
3569 45461069009
3570 45499293000
3571 45537538411
3572 45575805248
3573 45614093517
3574 45652403224
3575 45690734375
3576 45729086976
3577 45767461033
3578 45805856552
3579 45844273539
3580 45882712000
3581 45921171941
3582 45959653368
3583 45998156287
3584 46036680704
3585 46075226625
3586 46113794056
3587 46152383003
3588 46190993472
3589 46229625469
3590 46268279000
3591 46306954071
3592 46345650688
3593 46384368857
3594 46423108584
3595 46461869875
3596 46500652736
3597 46539457173
3598 46578283192
3599 46617130799
3600 46656000000
3601 46694890801
3602 46733803208
3603 46772737227
3604 46811692864
3605 46850670125
3606 46889669016
3607 46928689543
3608 46967731712
3609 47006795529
3610 47045881000
3611 47084988131
3612 47124116928
3613 47163267397
3614 47202439544
3615 47241633375
3616 47280848896
3617 47320086113
3618 47359345032
3619 47398625659
3620 47437928000
3621 47477252061
3622 47516597848
3623 47555965367
3624 47595354624
3625 47634765625
3626 47674198376
3627 47713652883
3628 47753129152
3629 47792627189
3630 47832147000
3631 47871688591
3632 47911251968
3633 47950837137
3634 47990444104
3635 48030072875
3636 48069723456
3637 48109395853
3638 48149090072
3639 48188806119
3640 48228544000
3641 48268303721
3642 48308085288
3643 48347888707
3644 48387713984
3645 48427561125
3646 48467430136
3647 48507321023
3648 48547233792
3649 48587168449
3650 48627125000
3651 48667103451
3652 48707103808
3653 48747126077
3654 48787170264
3655 48827236375
3656 48867324416
3657 48907434393
3658 48947566312
3659 48987720179
3660 49027896000
3661 49068093781
3662 49108313528
3663 49148555247
3664 49188818944
3665 49229104625
3666 49269412296
3667 49309741963
3668 49350093632
3669 49390467309
3670 49430863000
3671 49471280711
3672 49511720448
3673 49552182217
3674 49592666024
3675 49633171875
3676 49673699776
3677 49714249733
3678 49754821752
3679 49795415839
3680 49836032000
3681 49876670241
3682 49917330568
3683 49958012987
3684 49998717504
3685 50039444125
3686 50080192856
3687 50120963703
3688 50161756672
3689 50202571769
3690 50243409000
3691 50284268371
3692 50325149888
3693 50366053557
3694 50406979384
3695 50447927375
3696 50488897536
3697 50529889873
3698 50570904392
3699 50611941099
3700 50653000000
3701 50694081101
3702 50735184408
3703 50776309927
3704 50817457664
3705 50858627625
3706 50899819816
3707 50941034243
3708 50982270912
3709 51023529829
3710 51064811000
3711 51106114431
3712 51147440128
3713 51188788097
3714 51230158344
3715 51271550875
3716 51312965696
3717 51354402813
3718 51395862232
3719 51437343959
3720 51478848000
3721 51520374361
3722 51561923048
3723 51603494067
3724 51645087424
3725 51686703125
3726 51728341176
3727 51770001583
3728 51811684352
3729 51853389489
3730 51895117000
3731 51936866891
3732 51978639168
3733 52020433837
3734 52062250904
3735 52104090375
3736 52145952256
3737 52187836553
3738 52229743272
3739 52271672419
3740 52313624000
3741 52355598021
3742 52397594488
3743 52439613407
3744 52481654784
3745 52523718625
3746 52565804936
3747 52607913723
3748 52650044992
3749 52692198749
3750 52734375000
3751 52776573751
3752 52818795008
3753 52861038777
3754 52903305064
3755 52945593875
3756 52987905216
3757 53030239093
3758 53072595512
3759 53114974479
3760 53157376000
3761 53199800081
3762 53242246728
3763 53284715947
3764 53327207744
3765 53369722125
3766 53412259096
3767 53454818663
3768 53497400832
3769 53540005609
3770 53582633000
3771 53625283011
3772 53667955648
3773 53710650917
3774 53753368824
3775 53796109375
3776 53838872576
3777 53881658433
3778 53924466952
3779 53967298139
3780 54010152000
3781 54053028541
3782 54095927768
3783 54138849687
3784 54181794304
3785 54224761625
3786 54267751656
3787 54310764403
3788 54353799872
3789 54396858069
3790 54439939000
3791 54483042671
3792 54526169088
3793 54569318257
3794 54612490184
3795 54655684875
3796 54698902336
3797 54742142573
3798 54785405592
3799 54828691399
3800 54872000000
3801 54915331401
3802 54958685608
3803 55002062627
3804 55045462464
3805 55088885125
3806 55132330616
3807 55175798943
3808 55219290112
3809 55262804129
3810 55306341000
3811 55349900731
3812 55393483328
3813 55437088797
3814 55480717144
3815 55524368375
3816 55568042496
3817 55611739513
3818 55655459432
3819 55699202259
3820 55742968000
3821 55786756661
3822 55830568248
3823 55874402767
3824 55918260224
3825 55962140625
3826 56006043976
3827 56049970283
3828 56093919552
3829 56137891789
3830 56181887000
3831 56225905191
3832 56269946368
3833 56314010537
3834 56358097704
3835 56402207875
3836 56446341056
3837 56490497253
3838 56534676472
3839 56578878719
3840 56623104000
3841 56667352321
3842 56711623688
3843 56755918107
3844 56800235584
3845 56844576125
3846 56888939736
3847 56933326423
3848 56977736192
3849 57022169049
3850 57066625000
3851 57111104051
3852 57155606208
3853 57200131477
3854 57244679864
3855 57289251375
3856 57333846016
3857 57378463793
3858 57423104712
3859 57467768779
3860 57512456000
3861 57557166381
3862 57601899928
3863 57646656647
3864 57691436544
3865 57736239625
3866 57781065896
3867 57825915363
3868 57870788032
3869 57915683909
3870 57960603000
3871 58005545311
3872 58050510848
3873 58095499617
3874 58140511624
3875 58185546875
3876 58230605376
3877 58275687133
3878 58320792152
3879 58365920439
3880 58411072000
3881 58456246841
3882 58501444968
3883 58546666387
3884 58591911104
3885 58637179125
3886 58682470456
3887 58727785103
3888 58773123072
3889 58818484369
3890 58863869000
3891 58909276971
3892 58954708288
3893 59000162957
3894 59045640984
3895 59091142375
3896 59136667136
3897 59182215273
3898 59227786792
3899 59273381699
3900 59319000000
3901 59364641701
3902 59410306808
3903 59455995327
3904 59501707264
3905 59547442625
3906 59593201416
3907 59638983643
3908 59684789312
3909 59730618429
3910 59776471000
3911 59822347031
3912 59868246528
3913 59914169497
3914 59960115944
3915 60006085875
3916 60052079296
3917 60098096213
3918 60144136632
3919 60190200559
3920 60236288000
3921 60282398961
3922 60328533448
3923 60374691467
3924 60420873024
3925 60467078125
3926 60513306776
3927 60559558983
3928 60605834752
3929 60652134089
3930 60698457000
3931 60744803491
3932 60791173568
3933 60837567237
3934 60883984504
3935 60930425375
3936 60976889856
3937 61023377953
3938 61069889672
3939 61116425019
3940 61162984000
3941 61209566621
3942 61256172888
3943 61302802807
3944 61349456384
3945 61396133625
3946 61442834536
3947 61489559123
3948 61536307392
3949 61583079349
3950 61629875000
3951 61676694351
3952 61723537408
3953 61770404177
3954 61817294664
3955 61864208875
3956 61911146816
3957 61958108493
3958 62005093912
3959 62052103079
3960 62099136000
3961 62146192681
3962 62193273128
3963 62240377347
3964 62287505344
3965 62334657125
3966 62381832696
3967 62429032063
3968 62476255232
3969 62523502209
3970 62570773000
3971 62618067611
3972 62665386048
3973 62712728317
3974 62760094424
3975 62807484375
3976 62854898176
3977 62902335833
3978 62949797352
3979 62997282739
3980 63044792000
3981 63092325141
3982 63139882168
3983 63187463087
3984 63235067904
3985 63282696625
3986 63330349256
3987 63378025803
3988 63425726272
3989 63473450669
3990 63521199000
3991 63568971271
3992 63616767488
3993 63664587657
3994 63712431784
3995 63760299875
3996 63808191936
3997 63856107973
3998 63904047992
3999 63952011999
4000 64000000000
4001 64048012001
4002 64096048008
4003 64144108027
4004 64192192064
4005 64240300125
4006 64288432216
4007 64336588343
4008 64384768512
4009 64432972729
4010 64481201000
4011 64529453331
4012 64577729728
4013 64626030197
4014 64674354744
4015 64722703375
4016 64771076096
4017 64819472913
4018 64867893832
4019 64916338859
4020 64964808000
4021 65013301261
4022 65061818648
4023 65110360167
4024 65158925824
4025 65207515625
4026 65256129576
4027 65304767683
4028 65353429952
4029 65402116389
4030 65450827000
4031 65499561791
4032 65548320768
4033 65597103937
4034 65645911304
4035 65694742875
4036 65743598656
4037 65792478653
4038 65841382872
4039 65890311319
4040 65939264000
4041 65988240921
4042 66037242088
4043 66086267507
4044 66135317184
4045 66184391125
4046 66233489336
4047 66282611823
4048 66331758592
4049 66380929649
4050 66430125000
4051 66479344651
4052 66528588608
4053 66577856877
4054 66627149464
4055 66676466375
4056 66725807616
4057 66775173193
4058 66824563112
4059 66873977379
4060 66923416000
4061 66972878981
4062 67022366328
4063 67071878047
4064 67121414144
4065 67170974625
4066 67220559496
4067 67270168763
4068 67319802432
4069 67369460509
4070 67419143000
4071 67468849911
4072 67518581248
4073 67568337017
4074 67618117224
4075 67667921875
4076 67717750976
4077 67767604533
4078 67817482552
4079 67867385039
4080 67917312000
4081 67967263441
4082 68017239368
4083 68067239787
4084 68117264704
4085 68167314125
4086 68217388056
4087 68267486503
4088 68317609472
4089 68367756969
4090 68417929000
4091 68468125571
4092 68518346688
4093 68568592357
4094 68618862584
4095 68669157375
4096 68719476736
4097 68769820673
4098 68820189192
4099 68870582299
4100 68921000000
4101 68971442301
4102 69021909208
4103 69072400727
4104 69122916864
4105 69173457625
4106 69224023016
4107 69274613043
4108 69325227712
4109 69375867029
4110 69426531000
4111 69477219631
4112 69527932928
4113 69578670897
4114 69629433544
4115 69680220875
4116 69731032896
4117 69781869613
4118 69832731032
4119 69883617159
4120 69934528000
4121 69985463561
4122 70036423848
4123 70087408867
4124 70138418624
4125 70189453125
4126 70240512376
4127 70291596383
4128 70342705152
4129 70393838689
4130 70444997000
4131 70496180091
4132 70547387968
4133 70598620637
4134 70649878104
4135 70701160375
4136 70752467456
4137 70803799353
4138 70855156072
4139 70906537619
4140 70957944000
4141 71009375221
4142 71060831288
4143 71112312207
4144 71163817984
4145 71215348625
4146 71266904136
4147 71318484523
4148 71370089792
4149 71421719949
4150 71473375000
4151 71525054951
4152 71576759808
4153 71628489577
4154 71680244264
4155 71732023875
4156 71783828416
4157 71835657893
4158 71887512312
4159 71939391679
4160 71991296000
4161 72043225281
4162 72095179528
4163 72147158747
4164 72199162944
4165 72251192125
4166 72303246296
4167 72355325463
4168 72407429632
4169 72459558809
4170 72511713000
4171 72563892211
4172 72616096448
4173 72668325717
4174 72720580024
4175 72772859375
4176 72825163776
4177 72877493233
4178 72929847752
4179 72982227339
4180 73034632000
4181 73087061741
4182 73139516568
4183 73191996487
4184 73244501504
4185 73297031625
4186 73349586856
4187 73402167203
4188 73454772672
4189 73507403269
4190 73560059000
4191 73612739871
4192 73665445888
4193 73718177057
4194 73770933384
4195 73823714875
4196 73876521536
4197 73929353373
4198 73982210392
4199 74035092599
4200 74088000000
4201 74140932601
4202 74193890408
4203 74246873427
4204 74299881664
4205 74352915125
4206 74405973816
4207 74459057743
4208 74512166912
4209 74565301329
4210 74618461000
4211 74671645931
4212 74724856128
4213 74778091597
4214 74831352344
4215 74884638375
4216 74937949696
4217 74991286313
4218 75044648232
4219 75098035459
4220 75151448000
4221 75204885861
4222 75258349048
4223 75311837567
4224 75365351424
4225 75418890625
4226 75472455176
4227 75526045083
4228 75579660352
4229 75633300989
4230 75686967000
4231 75740658391
4232 75794375168
4233 75848117337
4234 75901884904
4235 75955677875
4236 76009496256
4237 76063340053
4238 76117209272
4239 76171103919
4240 76225024000
4241 76278969521
4242 76332940488
4243 76386936907
4244 76440958784
4245 76495006125
4246 76549078936
4247 76603177223
4248 76657300992
4249 76711450249
4250 76765625000
4251 76819825251
4252 76874051008
4253 76928302277
4254 76982579064
4255 77036881375
4256 77091209216
4257 77145562593
4258 77199941512
4259 77254345979
4260 77308776000
4261 77363231581
4262 77417712728
4263 77472219447
4264 77526751744
4265 77581309625
4266 77635893096
4267 77690502163
4268 77745136832
4269 77799797109
4270 77854483000
4271 77909194511
4272 77963931648
4273 78018694417
4274 78073482824
4275 78128296875
4276 78183136576
4277 78238001933
4278 78292892952
4279 78347809639
4280 78402752000
4281 78457720041
4282 78512713768
4283 78567733187
4284 78622778304
4285 78677849125
4286 78732945656
4287 78788067903
4288 78843215872
4289 78898389569
4290 78953589000
4291 79008814171
4292 79064065088
4293 79119341757
4294 79174644184
4295 79229972375
4296 79285326336
4297 79340706073
4298 79396111592
4299 79451542899
4300 79507000000
4301 79562482901
4302 79617991608
4303 79673526127
4304 79729086464
4305 79784672625
4306 79840284616
4307 79895922443
4308 79951586112
4309 80007275629
4310 80062991000
4311 80118732231
4312 80174499328
4313 80230292297
4314 80286111144
4315 80341955875
4316 80397826496
4317 80453723013
4318 80509645432
4319 80565593759
4320 80621568000
4321 80677568161
4322 80733594248
4323 80789646267
4324 80845724224
4325 80901828125
4326 80957957976
4327 81014113783
4328 81070295552
4329 81126503289
4330 81182737000
4331 81238996691
4332 81295282368
4333 81351594037
4334 81407931704
4335 81464295375
4336 81520685056
4337 81577100753
4338 81633542472
4339 81690010219
4340 81746504000
4341 81803023821
4342 81859569688
4343 81916141607
4344 81972739584
4345 82029363625
4346 82086013736
4347 82142689923
4348 82199392192
4349 82256120549
4350 82312875000
4351 82369655551
4352 82426462208
4353 82483294977
4354 82540153864
4355 82597038875
4356 82653950016
4357 82710887293
4358 82767850712
4359 82824840279
4360 82881856000
4361 82938897881
4362 82995965928
4363 83053060147
4364 83110180544
4365 83167327125
4366 83224499896
4367 83281698863
4368 83338924032
4369 83396175409
4370 83453453000
4371 83510756811
4372 83568086848
4373 83625443117
4374 83682825624
4375 83740234375
4376 83797669376
4377 83855130633
4378 83912618152
4379 83970131939
4380 84027672000
4381 84085238341
4382 84142830968
4383 84200449887
4384 84258095104
4385 84315766625
4386 84373464456
4387 84431188603
4388 84488939072
4389 84546715869
4390 84604519000
4391 84662348471
4392 84720204288
4393 84778086457
4394 84835994984
4395 84893929875
4396 84951891136
4397 85009878773
4398 85067892792
4399 85125933199
4400 85184000000
4401 85242093201
4402 85300212808
4403 85358358827
4404 85416531264
4405 85474730125
4406 85532955416
4407 85591207143
4408 85649485312
4409 85707789929
4410 85766121000
4411 85824478531
4412 85882862528
4413 85941272997
4414 85999709944
4415 86058173375
4416 86116663296
4417 86175179713
4418 86233722632
4419 86292292059
4420 86350888000
4421 86409510461
4422 86468159448
4423 86526834967
4424 86585537024
4425 86644265625
4426 86703020776
4427 86761802483
4428 86820610752
4429 86879445589
4430 86938307000
4431 86997194991
4432 87056109568
4433 87115050737
4434 87174018504
4435 87233012875
4436 87292033856
4437 87351081453
4438 87410155672
4439 87469256519
4440 87528384000
4441 87587538121
4442 87646718888
4443 87705926307
4444 87765160384
4445 87824421125
4446 87883708536
4447 87943022623
4448 88002363392
4449 88061730849
4450 88121125000
4451 88180545851
4452 88239993408
4453 88299467677
4454 88358968664
4455 88418496375
4456 88478050816
4457 88537631993
4458 88597239912
4459 88656874579
4460 88716536000
4461 88776224181
4462 88835939128
4463 88895680847
4464 88955449344
4465 89015244625
4466 89075066696
4467 89134915563
4468 89194791232
4469 89254693709
4470 89314623000
4471 89374579111
4472 89434562048
4473 89494571817
4474 89554608424
4475 89614671875
4476 89674762176
4477 89734879333
4478 89795023352
4479 89855194239
4480 89915392000
4481 89975616641
4482 90035868168
4483 90096146587
4484 90156451904
4485 90216784125
4486 90277143256
4487 90337529303
4488 90397942272
4489 90458382169
4490 90518849000
4491 90579342771
4492 90639863488
4493 90700411157
4494 90760985784
4495 90821587375
4496 90882215936
4497 90942871473
4498 91003553992
4499 91064263499
4500 91125000000
4501 91185763501
4502 91246554008
4503 91307371527
4504 91368216064
4505 91429087625
4506 91489986216
4507 91550911843
4508 91611864512
4509 91672844229
4510 91733851000
4511 91794884831
4512 91855945728
4513 91917033697
4514 91978148744
4515 92039290875
4516 92100460096
4517 92161656413
4518 92222879832
4519 92284130359
4520 92345408000
4521 92406712761
4522 92468044648
4523 92529403667
4524 92590789824
4525 92652203125
4526 92713643576
4527 92775111183
4528 92836605952
4529 92898127889
4530 92959677000
4531 93021253291
4532 93082856768
4533 93144487437
4534 93206145304
4535 93267830375
4536 93329542656
4537 93391282153
4538 93453048872
4539 93514842819
4540 93576664000
4541 93638512421
4542 93700388088
4543 93762291007
4544 93824221184
4545 93886178625
4546 93948163336
4547 94010175323
4548 94072214592
4549 94134281149
4550 94196375000
4551 94258496151
4552 94320644608
4553 94382820377
4554 94445023464
4555 94507253875
4556 94569511616
4557 94631796693
4558 94694109112
4559 94756448879
4560 94818816000
4561 94881210481
4562 94943632328
4563 95006081547
4564 95068558144
4565 95131062125
4566 95193593496
4567 95256152263
4568 95318738432
4569 95381352009
4570 95443993000
4571 95506661411
4572 95569357248
4573 95632080517
4574 95694831224
4575 95757609375
4576 95820414976
4577 95883248033
4578 95946108552
4579 96008996539
4580 96071912000
4581 96134854941
4582 96197825368
4583 96260823287
4584 96323848704
4585 96386901625
4586 96449982056
4587 96513090003
4588 96576225472
4589 96639388469
4590 96702579000
4591 96765797071
4592 96829042688
4593 96892315857
4594 96955616584
4595 97018944875
4596 97082300736
4597 97145684173
4598 97209095192
4599 97272533799
4600 97336000000
4601 97399493801
4602 97463015208
4603 97526564227
4604 97590140864
4605 97653745125
4606 97717377016
4607 97781036543
4608 97844723712
4609 97908438529
4610 97972181000
4611 98035951131
4612 98099748928
4613 98163574397
4614 98227427544
4615 98291308375
4616 98355216896
4617 98419153113
4618 98483117032
4619 98547108659
4620 98611128000
4621 98675175061
4622 98739249848
4623 98803352367
4624 98867482624
4625 98931640625
4626 98995826376
4627 99060039883
4628 99124281152
4629 99188550189
4630 99252847000
4631 99317171591
4632 99381523968
4633 99445904137
4634 99510312104
4635 99574747875
4636 99639211456
4637 99703702853
4638 99768222072
4639 99832769119
4640 99897344000
4641 99961946721
4642 100026577288
4643 100091235707
4644 100155921984
4645 100220636125
4646 100285378136
4647 100350148023
4648 100414945792
4649 100479771449
4650 100544625000
4651 100609506451
4652 100674415808
4653 100739353077
4654 100804318264
4655 100869311375
4656 100934332416
4657 100999381393
4658 101064458312
4659 101129563179
4660 101194696000
4661 101259856781
4662 101325045528
4663 101390262247
4664 101455506944
4665 101520779625
4666 101586080296
4667 101651408963
4668 101716765632
4669 101782150309
4670 101847563000
4671 101913003711
4672 101978472448
4673 102043969217
4674 102109494024
4675 102175046875
4676 102240627776
4677 102306236733
4678 102371873752
4679 102437538839
4680 102503232000
4681 102568953241
4682 102634702568
4683 102700479987
4684 102766285504
4685 102832119125
4686 102897980856
4687 102963870703
4688 103029788672
4689 103095734769
4690 103161709000
4691 103227711371
4692 103293741888
4693 103359800557
4694 103425887384
4695 103492002375
4696 103558145536
4697 103624316873
4698 103690516392
4699 103756744099
4700 103823000000
4701 103889284101
4702 103955596408
4703 104021936927
4704 104088305664
4705 104154702625
4706 104221127816
4707 104287581243
4708 104354062912
4709 104420572829
4710 104487111000
4711 104553677431
4712 104620272128
4713 104686895097
4714 104753546344
4715 104820225875
4716 104886933696
4717 104953669813
4718 105020434232
4719 105087226959
4720 105154048000
4721 105220897361
4722 105287775048
4723 105354681067
4724 105421615424
4725 105488578125
4726 105555569176
4727 105622588583
4728 105689636352
4729 105756712489
4730 105823817000
4731 105890949891
4732 105958111168
4733 106025300837
4734 106092518904
4735 106159765375
4736 106227040256
4737 106294343553
4738 106361675272
4739 106429035419
4740 106496424000
4741 106563841021
4742 106631286488
4743 106698760407
4744 106766262784
4745 106833793625
4746 106901352936
4747 106968940723
4748 107036556992
4749 107104201749
4750 107171875000
4751 107239576751
4752 107307307008
4753 107375065777
4754 107442853064
4755 107510668875
4756 107578513216
4757 107646386093
4758 107714287512
4759 107782217479
4760 107850176000
4761 107918163081
4762 107986178728
4763 108054222947
4764 108122295744
4765 108190397125
4766 108258527096
4767 108326685663
4768 108394872832
4769 108463088609
4770 108531333000
4771 108599606011
4772 108667907648
4773 108736237917
4774 108804596824
4775 108872984375
4776 108941400576
4777 109009845433
4778 109078318952
4779 109146821139
4780 109215352000
4781 109283911541
4782 109352499768
4783 109421116687
4784 109489762304
4785 109558436625
4786 109627139656
4787 109695871403
4788 109764631872
4789 109833421069
4790 109902239000
4791 109971085671
4792 110039961088
4793 110108865257
4794 110177798184
4795 110246759875
4796 110315750336
4797 110384769573
4798 110453817592
4799 110522894399
4800 110592000000
4801 110661134401
4802 110730297608
4803 110799489627
4804 110868710464
4805 110937960125
4806 111007238616
4807 111076545943
4808 111145882112
4809 111215247129
4810 111284641000
4811 111354063731
4812 111423515328
4813 111492995797
4814 111562505144
4815 111632043375
4816 111701610496
4817 111771206513
4818 111840831432
4819 111910485259
4820 111980168000
4821 112049879661
4822 112119620248
4823 112189389767
4824 112259188224
4825 112329015625
4826 112398871976
4827 112468757283
4828 112538671552
4829 112608614789
4830 112678587000
4831 112748588191
4832 112818618368
4833 112888677537
4834 112958765704
4835 113028882875
4836 113099029056
4837 113169204253
4838 113239408472
4839 113309641719
4840 113379904000
4841 113450195321
4842 113520515688
4843 113590865107
4844 113661243584
4845 113731651125
4846 113802087736
4847 113872553423
4848 113943048192
4849 114013572049
4850 114084125000
4851 114154707051
4852 114225318208
4853 114295958477
4854 114366627864
4855 114437326375
4856 114508054016
4857 114578810793
4858 114649596712
4859 114720411779
4860 114791256000
4861 114862129381
4862 114933031928
4863 115003963647
4864 115074924544
4865 115145914625
4866 115216933896
4867 115287982363
4868 115359060032
4869 115430166909
4870 115501303000
4871 115572468311
4872 115643662848
4873 115714886617
4874 115786139624
4875 115857421875
4876 115928733376
4877 116000074133
4878 116071444152
4879 116142843439
4880 116214272000
4881 116285729841
4882 116357216968
4883 116428733387
4884 116500279104
4885 116571854125
4886 116643458456
4887 116715092103
4888 116786755072
4889 116858447369
4890 116930169000
4891 117001919971
4892 117073700288
4893 117145509957
4894 117217348984
4895 117289217375
4896 117361115136
4897 117433042273
4898 117504998792
4899 117576984699
4900 117649000000
4901 117721044701
4902 117793118808
4903 117865222327
4904 117937355264
4905 118009517625
4906 118081709416
4907 118153930643
4908 118226181312
4909 118298461429
4910 118370771000
4911 118443110031
4912 118515478528
4913 118587876497
4914 118660303944
4915 118732760875
4916 118805247296
4917 118877763213
4918 118950308632
4919 119022883559
4920 119095488000
4921 119168121961
4922 119240785448
4923 119313478467
4924 119386201024
4925 119458953125
4926 119531734776
4927 119604545983
4928 119677386752
4929 119750257089
4930 119823157000
4931 119896086491
4932 119969045568
4933 120042034237
4934 120115052504
4935 120188100375
4936 120261177856
4937 120334284953
4938 120407421672
4939 120480588019
4940 120553784000
4941 120627009621
4942 120700264888
4943 120773549807
4944 120846864384
4945 120920208625
4946 120993582536
4947 121066986123
4948 121140419392
4949 121213882349
4950 121287375000
4951 121360897351
4952 121434449408
4953 121508031177
4954 121581642664
4955 121655283875
4956 121728954816
4957 121802655493
4958 121876385912
4959 121950146079
4960 122023936000
4961 122097755681
4962 122171605128
4963 122245484347
4964 122319393344
4965 122393332125
4966 122467300696
4967 122541299063
4968 122615327232
4969 122689385209
4970 122763473000
4971 122837590611
4972 122911738048
4973 122985915317
4974 123060122424
4975 123134359375
4976 123208626176
4977 123282922833
4978 123357249352
4979 123431605739
4980 123505992000
4981 123580408141
4982 123654854168
4983 123729330087
4984 123803835904
4985 123878371625
4986 123952937256
4987 124027532803
4988 124102158272
4989 124176813669
4990 124251499000
4991 124326214271
4992 124400959488
4993 124475734657
4994 124550539784
4995 124625374875
4996 124700239936
4997 124775134973
4998 124850059992
4999 124925014999
5000 125000000000
5001 125075015001
5002 125150060008
5003 125225135027
5004 125300240064
5005 125375375125
5006 125450540216
5007 125525735343
5008 125600960512
5009 125676215729
5010 125751501000
5011 125826816331
5012 125902161728
5013 125977537197
5014 126052942744
5015 126128378375
5016 126203844096
5017 126279339913
5018 126354865832
5019 126430421859
5020 126506008000
5021 126581624261
5022 126657270648
5023 126732947167
5024 126808653824
5025 126884390625
5026 126960157576
5027 127035954683
5028 127111781952
5029 127187639389
5030 127263527000
5031 127339444791
5032 127415392768
5033 127491370937
5034 127567379304
5035 127643417875
5036 127719486656
5037 127795585653
5038 127871714872
5039 127947874319
5040 128024064000
5041 128100283921
5042 128176534088
5043 128252814507
5044 128329125184
5045 128405466125
5046 128481837336
5047 128558238823
5048 128634670592
5049 128711132649
5050 128787625000
5051 128864147651
5052 128940700608
5053 129017283877
5054 129093897464
5055 129170541375
5056 129247215616
5057 129323920193
5058 129400655112
5059 129477420379
5060 129554216000
5061 129631041981
5062 129707898328
5063 129784785047
5064 129861702144
5065 129938649625
5066 130015627496
5067 130092635763
5068 130169674432
5069 130246743509
5070 130323843000
5071 130400972911
5072 130478133248
5073 130555324017
5074 130632545224
5075 130709796875
5076 130787078976
5077 130864391533
5078 130941734552
5079 131019108039
5080 131096512000
5081 131173946441
5082 131251411368
5083 131328906787
5084 131406432704
5085 131483989125
5086 131561576056
5087 131639193503
5088 131716841472
5089 131794519969
5090 131872229000
5091 131949968571
5092 132027738688
5093 132105539357
5094 132183370584
5095 132261232375
5096 132339124736
5097 132417047673
5098 132495001192
5099 132572985299
5100 132651000000
5101 132729045301
5102 132807121208
5103 132885227727
5104 132963364864
5105 133041532625
5106 133119731016
5107 133197960043
5108 133276219712
5109 133354510029
5110 133432831000
5111 133511182631
5112 133589564928
5113 133667977897
5114 133746421544
5115 133824895875
5116 133903400896
5117 133981936613
5118 134060503032
5119 134139100159
5120 134217728000
5121 134296386561
5122 134375075848
5123 134453795867
5124 134532546624
5125 134611328125
5126 134690140376
5127 134768983383
5128 134847857152
5129 134926761689
5130 135005697000
5131 135084663091
5132 135163659968
5133 135242687637
5134 135321746104
5135 135400835375
5136 135479955456
5137 135559106353
5138 135638288072
5139 135717500619
5140 135796744000
5141 135876018221
5142 135955323288
5143 136034659207
5144 136114025984
5145 136193423625
5146 136272852136
5147 136352311523
5148 136431801792
5149 136511322949
5150 136590875000
5151 136670457951
5152 136750071808
5153 136829716577
5154 136909392264
5155 136989098875
5156 137068836416
5157 137148604893
5158 137228404312
5159 137308234679
5160 137388096000
5161 137467988281
5162 137547911528
5163 137627865747
5164 137707850944
5165 137787867125
5166 137867914296
5167 137947992463
5168 138028101632
5169 138108241809
5170 138188413000
5171 138268615211
5172 138348848448
5173 138429112717
5174 138509408024
5175 138589734375
5176 138670091776
5177 138750480233
5178 138830899752
5179 138911350339
5180 138991832000
5181 139072344741
5182 139152888568
5183 139233463487
5184 139314069504
5185 139394706625
5186 139475374856
5187 139556074203
5188 139636804672
5189 139717566269
5190 139798359000
5191 139879182871
5192 139960037888
5193 140040924057
5194 140121841384
5195 140202789875
5196 140283769536
5197 140364780373
5198 140445822392
5199 140526895599
5200 140608000000
5201 140689135601
5202 140770302408
5203 140851500427
5204 140932729664
5205 141013990125
5206 141095281816
5207 141176604743
5208 141257958912
5209 141339344329
5210 141420761000
5211 141502208931
5212 141583688128
5213 141665198597
5214 141746740344
5215 141828313375
5216 141909917696
5217 141991553313
5218 142073220232
5219 142154918459
5220 142236648000
5221 142318408861
5222 142400201048
5223 142482024567
5224 142563879424
5225 142645765625
5226 142727683176
5227 142809632083
5228 142891612352
5229 142973623989
5230 143055667000
5231 143137741391
5232 143219847168
5233 143301984337
5234 143384152904
5235 143466352875
5236 143548584256
5237 143630847053
5238 143713141272
5239 143795466919
5240 143877824000
5241 143960212521
5242 144042632488
5243 144125083907
5244 144207566784
5245 144290081125
5246 144372626936
5247 144455204223
5248 144537812992
5249 144620453249
5250 144703125000
5251 144785828251
5252 144868563008
5253 144951329277
5254 145034127064
5255 145116956375
5256 145199817216
5257 145282709593
5258 145365633512
5259 145448588979
5260 145531576000
5261 145614594581
5262 145697644728
5263 145780726447
5264 145863839744
5265 145946984625
5266 146030161096
5267 146113369163
5268 146196608832
5269 146279880109
5270 146363183000
5271 146446517511
5272 146529883648
5273 146613281417
5274 146696710824
5275 146780171875
5276 146863664576
5277 146947188933
5278 147030744952
5279 147114332639
5280 147197952000
5281 147281603041
5282 147365285768
5283 147449000187
5284 147532746304
5285 147616524125
5286 147700333656
5287 147784174903
5288 147868047872
5289 147951952569
5290 148035889000
5291 148119857171
5292 148203857088
5293 148287888757
5294 148371952184
5295 148456047375
5296 148540174336
5297 148624333073
5298 148708523592
5299 148792745899
5300 148877000000
5301 148961285901
5302 149045603608
5303 149129953127
5304 149214334464
5305 149298747625
5306 149383192616
5307 149467669443
5308 149552178112
5309 149636718629
5310 149721291000
5311 149805895231
5312 149890531328
5313 149975199297
5314 150059899144
5315 150144630875
5316 150229394496
5317 150314190013
5318 150399017432
5319 150483876759
5320 150568768000
5321 150653691161
5322 150738646248
5323 150823633267
5324 150908652224
5325 150993703125
5326 151078785976
5327 151163900783
5328 151249047552
5329 151334226289
5330 151419437000
5331 151504679691
5332 151589954368
5333 151675261037
5334 151760599704
5335 151845970375
5336 151931373056
5337 152016807753
5338 152102274472
5339 152187773219
5340 152273304000
5341 152358866821
5342 152444461688
5343 152530088607
5344 152615747584
5345 152701438625
5346 152787161736
5347 152872916923
5348 152958704192
5349 153044523549
5350 153130375000
5351 153216258551
5352 153302174208
5353 153388121977
5354 153474101864
5355 153560113875
5356 153646158016
5357 153732234293
5358 153818342712
5359 153904483279
5360 153990656000
5361 154076860881
5362 154163097928
5363 154249367147
5364 154335668544
5365 154422002125
5366 154508367896
5367 154594765863
5368 154681196032
5369 154767658409
5370 154854153000
5371 154940679811
5372 155027238848
5373 155113830117
5374 155200453624
5375 155287109375
5376 155373797376
5377 155460517633
5378 155547270152
5379 155634054939
5380 155720872000
5381 155807721341
5382 155894602968
5383 155981516887
5384 156068463104
5385 156155441625
5386 156242452456
5387 156329495603
5388 156416571072
5389 156503678869
5390 156590819000
5391 156677991471
5392 156765196288
5393 156852433457
5394 156939702984
5395 157027004875
5396 157114339136
5397 157201705773
5398 157289104792
5399 157376536199
5400 157464000000
5401 157551496201
5402 157639024808
5403 157726585827
5404 157814179264
5405 157901805125
5406 157989463416
5407 158077154143
5408 158164877312
5409 158252632929
5410 158340421000
5411 158428241531
5412 158516094528
5413 158603979997
5414 158691897944
5415 158779848375
5416 158867831296
5417 158955846713
5418 159043894632
5419 159131975059
5420 159220088000
5421 159308233461
5422 159396411448
5423 159484621967
5424 159572865024
5425 159661140625
5426 159749448776
5427 159837789483
5428 159926162752
5429 160014568589
5430 160103007000
5431 160191477991
5432 160279981568
5433 160368517737
5434 160457086504
5435 160545687875
5436 160634321856
5437 160722988453
5438 160811687672
5439 160900419519
5440 160989184000
5441 161077981121
5442 161166810888
5443 161255673307
5444 161344568384
5445 161433496125
5446 161522456536
5447 161611449623
5448 161700475392
5449 161789533849
5450 161878625000
5451 161967748851
5452 162056905408
5453 162146094677
5454 162235316664
5455 162324571375
5456 162413858816
5457 162503178993
5458 162592531912
5459 162681917579
5460 162771336000
5461 162860787181
5462 162950271128
5463 163039787847
5464 163129337344
5465 163218919625
5466 163308534696
5467 163398182563
5468 163487863232
5469 163577576709
5470 163667323000
5471 163757102111
5472 163846914048
5473 163936758817
5474 164026636424
5475 164116546875
5476 164206490176
5477 164296466333
5478 164386475352
5479 164476517239
5480 164566592000
5481 164656699641
5482 164746840168
5483 164837013587
5484 164927219904
5485 165017459125
5486 165107731256
5487 165198036303
5488 165288374272
5489 165378745169
5490 165469149000
5491 165559585771
5492 165650055488
5493 165740558157
5494 165831093784
5495 165921662375
5496 166012263936
5497 166102898473
5498 166193565992
5499 166284266499
5500 166375000000
5501 166465766501
5502 166556566008
5503 166647398527
5504 166738264064
5505 166829162625
5506 166920094216
5507 167011058843
5508 167102056512
5509 167193087229
5510 167284151000
5511 167375247831
5512 167466377728
5513 167557540697
5514 167648736744
5515 167739965875
5516 167831228096
5517 167922523413
5518 168013851832
5519 168105213359
5520 168196608000
5521 168288035761
5522 168379496648
5523 168470990667
5524 168562517824
5525 168654078125
5526 168745671576
5527 168837298183
5528 168928957952
5529 169020650889
5530 169112377000
5531 169204136291
5532 169295928768
5533 169387754437
5534 169479613304
5535 169571505375
5536 169663430656
5537 169755389153
5538 169847380872
5539 169939405819
5540 170031464000
5541 170123555421
5542 170215680088
5543 170307838007
5544 170400029184
5545 170492253625
5546 170584511336
5547 170676802323
5548 170769126592
5549 170861484149
5550 170953875000
5551 171046299151
5552 171138756608
5553 171231247377
5554 171323771464
5555 171416328875
5556 171508919616
5557 171601543693
5558 171694201112
5559 171786891879
5560 171879616000
5561 171972373481
5562 172065164328
5563 172157988547
5564 172250846144
5565 172343737125
5566 172436661496
5567 172529619263
5568 172622610432
5569 172715635009
5570 172808693000
5571 172901784411
5572 172994909248
5573 173088067517
5574 173181259224
5575 173274484375
5576 173367742976
5577 173461035033
5578 173554360552
5579 173647719539
5580 173741112000
5581 173834537941
5582 173927997368
5583 174021490287
5584 174115016704
5585 174208576625
5586 174302170056
5587 174395797003
5588 174489457472
5589 174583151469
5590 174676879000
5591 174770640071
5592 174864434688
5593 174958262857
5594 175052124584
5595 175146019875
5596 175239948736
5597 175333911173
5598 175427907192
5599 175521936799
5600 175616000000
5601 175710096801
5602 175804227208
5603 175898391227
5604 175992588864
5605 176086820125
5606 176181085016
5607 176275383543
5608 176369715712
5609 176464081529
5610 176558481000
5611 176652914131
5612 176747380928
5613 176841881397
5614 176936415544
5615 177030983375
5616 177125584896
5617 177220220113
5618 177314889032
5619 177409591659
5620 177504328000
5621 177599098061
5622 177693901848
5623 177788739367
5624 177883610624
5625 177978515625
5626 178073454376
5627 178168426883
5628 178263433152
5629 178358473189
5630 178453547000
5631 178548654591
5632 178643795968
5633 178738971137
5634 178834180104
5635 178929422875
5636 179024699456
5637 179120009853
5638 179215354072
5639 179310732119
5640 179406144000
5641 179501589721
5642 179597069288
5643 179692582707
5644 179788129984
5645 179883711125
5646 179979326136
5647 180074975023
5648 180170657792
5649 180266374449
5650 180362125000
5651 180457909451
5652 180553727808
5653 180649580077
5654 180745466264
5655 180841386375
5656 180937340416
5657 181033328393
5658 181129350312
5659 181225406179
5660 181321496000
5661 181417619781
5662 181513777528
5663 181609969247
5664 181706194944
5665 181802454625
5666 181898748296
5667 181995075963
5668 182091437632
5669 182187833309
5670 182284263000
5671 182380726711
5672 182477224448
5673 182573756217
5674 182670322024
5675 182766921875
5676 182863555776
5677 182960223733
5678 183056925752
5679 183153661839
5680 183250432000
5681 183347236241
5682 183444074568
5683 183540946987
5684 183637853504
5685 183734794125
5686 183831768856
5687 183928777703
5688 184025820672
5689 184122897769
5690 184220009000
5691 184317154371
5692 184414333888
5693 184511547557
5694 184608795384
5695 184706077375
5696 184803393536
5697 184900743873
5698 184998128392
5699 185095547099
5700 185193000000
5701 185290487101
5702 185388008408
5703 185485563927
5704 185583153664
5705 185680777625
5706 185778435816
5707 185876128243
5708 185973854912
5709 186071615829
5710 186169411000
5711 186267240431
5712 186365104128
5713 186463002097
5714 186560934344
5715 186658900875
5716 186756901696
5717 186854936813
5718 186953006232
5719 187051109959
5720 187149248000
5721 187247420361
5722 187345627048
5723 187443868067
5724 187542143424
5725 187640453125
5726 187738797176
5727 187837175583
5728 187935588352
5729 188034035489
5730 188132517000
5731 188231032891
5732 188329583168
5733 188428167837
5734 188526786904
5735 188625440375
5736 188724128256
5737 188822850553
5738 188921607272
5739 189020398419
5740 189119224000
5741 189218084021
5742 189316978488
5743 189415907407
5744 189514870784
5745 189613868625
5746 189712900936
5747 189811967723
5748 189911068992
5749 190010204749
5750 190109375000
5751 190208579751
5752 190307819008
5753 190407092777
5754 190506401064
5755 190605743875
5756 190705121216
5757 190804533093
5758 190903979512
5759 191003460479
5760 191102976000
5761 191202526081
5762 191302110728
5763 191401729947
5764 191501383744
5765 191601072125
5766 191700795096
5767 191800552663
5768 191900344832
5769 192000171609
5770 192100033000
5771 192199929011
5772 192299859648
5773 192399824917
5774 192499824824
5775 192599859375
5776 192699928576
5777 192800032433
5778 192900170952
5779 193000344139
5780 193100552000
5781 193200794541
5782 193301071768
5783 193401383687
5784 193501730304
5785 193602111625
5786 193702527656
5787 193802978403
5788 193903463872
5789 194003984069
5790 194104539000
5791 194205128671
5792 194305753088
5793 194406412257
5794 194507106184
5795 194607834875
5796 194708598336
5797 194809396573
5798 194910229592
5799 195011097399
5800 195112000000
5801 195212937401
5802 195313909608
5803 195414916627
5804 195515958464
5805 195617035125
5806 195718146616
5807 195819292943
5808 195920474112
5809 196021690129
5810 196122941000
5811 196224226731
5812 196325547328
5813 196426902797
5814 196528293144
5815 196629718375
5816 196731178496
5817 196832673513
5818 196934203432
5819 197035768259
5820 197137368000
5821 197239002661
5822 197340672248
5823 197442376767
5824 197544116224
5825 197645890625
5826 197747699976
5827 197849544283
5828 197951423552
5829 198053337789
5830 198155287000
5831 198257271191
5832 198359290368
5833 198461344537
5834 198563433704
5835 198665557875
5836 198767717056
5837 198869911253
5838 198972140472
5839 199074404719
5840 199176704000
5841 199279038321
5842 199381407688
5843 199483812107
5844 199586251584
5845 199688726125
5846 199791235736
5847 199893780423
5848 199996360192
5849 200098975049
5850 200201625000
5851 200304310051
5852 200407030208
5853 200509785477
5854 200612575864
5855 200715401375
5856 200818262016
5857 200921157793
5858 201024088712
5859 201127054779
5860 201230056000
5861 201333092381
5862 201436163928
5863 201539270647
5864 201642412544
5865 201745589625
5866 201848801896
5867 201952049363
5868 202055332032
5869 202158649909
5870 202262003000
5871 202365391311
5872 202468814848
5873 202572273617
5874 202675767624
5875 202779296875
5876 202882861376
5877 202986461133
5878 203090096152
5879 203193766439
5880 203297472000
5881 203401212841
5882 203504988968
5883 203608800387
5884 203712647104
5885 203816529125
5886 203920446456
5887 204024399103
5888 204128387072
5889 204232410369
5890 204336469000
5891 204440562971
5892 204544692288
5893 204648856957
5894 204753056984
5895 204857292375
5896 204961563136
5897 205065869273
5898 205170210792
5899 205274587699
5900 205379000000
5901 205483447701
5902 205587930808
5903 205692449327
5904 205797003264
5905 205901592625
5906 206006217416
5907 206110877643
5908 206215573312
5909 206320304429
5910 206425071000
5911 206529873031
5912 206634710528
5913 206739583497
5914 206844491944
5915 206949435875
5916 207054415296
5917 207159430213
5918 207264480632
5919 207369566559
5920 207474688000
5921 207579844961
5922 207685037448
5923 207790265467
5924 207895529024
5925 208000828125
5926 208106162776
5927 208211532983
5928 208316938752
5929 208422380089
5930 208527857000
5931 208633369491
5932 208738917568
5933 208844501237
5934 208950120504
5935 209055775375
5936 209161465856
5937 209267191953
5938 209372953672
5939 209478751019
5940 209584584000
5941 209690452621
5942 209796356888
5943 209902296807
5944 210008272384
5945 210114283625
5946 210220330536
5947 210326413123
5948 210432531392
5949 210538685349
5950 210644875000
5951 210751100351
5952 210857361408
5953 210963658177
5954 211069990664
5955 211176358875
5956 211282762816
5957 211389202493
5958 211495677912
5959 211602189079
5960 211708736000
5961 211815318681
5962 211921937128
5963 212028591347
5964 212135281344
5965 212242007125
5966 212348768696
5967 212455566063
5968 212562399232
5969 212669268209
5970 212776173000
5971 212883113611
5972 212990090048
5973 213097102317
5974 213204150424
5975 213311234375
5976 213418354176
5977 213525509833
5978 213632701352
5979 213739928739
5980 213847192000
5981 213954491141
5982 214061826168
5983 214169197087
5984 214276603904
5985 214384046625
5986 214491525256
5987 214599039803
5988 214706590272
5989 214814176669
5990 214921799000
5991 215029457271
5992 215137151488
5993 215244881657
5994 215352647784
5995 215460449875
5996 215568287936
5997 215676161973
5998 215784071992
5999 215892017999
6000 216000000000
6001 216108018001
6002 216216072008
6003 216324162027
6004 216432288064
6005 216540450125
6006 216648648216
6007 216756882343
6008 216865152512
6009 216973458729
6010 217081801000
6011 217190179331
6012 217298593728
6013 217407044197
6014 217515530744
6015 217624053375
6016 217732612096
6017 217841206913
6018 217949837832
6019 218058504859
6020 218167208000
6021 218275947261
6022 218384722648
6023 218493534167
6024 218602381824
6025 218711265625
6026 218820185576
6027 218929141683
6028 219038133952
6029 219147162389
6030 219256227000
6031 219365327791
6032 219474464768
6033 219583637937
6034 219692847304
6035 219802092875
6036 219911374656
6037 220020692653
6038 220130046872
6039 220239437319
6040 220348864000
6041 220458326921
6042 220567826088
6043 220677361507
6044 220786933184
6045 220896541125
6046 221006185336
6047 221115865823
6048 221225582592
6049 221335335649
6050 221445125000
6051 221554950651
6052 221664812608
6053 221774710877
6054 221884645464
6055 221994616375
6056 222104623616
6057 222214667193
6058 222324747112
6059 222434863379
6060 222545016000
6061 222655204981
6062 222765430328
6063 222875692047
6064 222985990144
6065 223096324625
6066 223206695496
6067 223317102763
6068 223427546432
6069 223538026509
6070 223648543000
6071 223759095911
6072 223869685248
6073 223980311017
6074 224090973224
6075 224201671875
6076 224312406976
6077 224423178533
6078 224533986552
6079 224644831039
6080 224755712000
6081 224866629441
6082 224977583368
6083 225088573787
6084 225199600704
6085 225310664125
6086 225421764056
6087 225532900503
6088 225644073472
6089 225755282969
6090 225866529000
6091 225977811571
6092 226089130688
6093 226200486357
6094 226311878584
6095 226423307375
6096 226534772736
6097 226646274673
6098 226757813192
6099 226869388299
6100 226981000000
6101 227092648301
6102 227204333208
6103 227316054727
6104 227427812864
6105 227539607625
6106 227651439016
6107 227763307043
6108 227875211712
6109 227987153029
6110 228099131000
6111 228211145631
6112 228323196928
6113 228435284897
6114 228547409544
6115 228659570875
6116 228771768896
6117 228884003613
6118 228996275032
6119 229108583159
6120 229220928000
6121 229333309561
6122 229445727848
6123 229558182867
6124 229670674624
6125 229783203125
6126 229895768376
6127 230008370383
6128 230121009152
6129 230233684689
6130 230346397000
6131 230459146091
6132 230571931968
6133 230684754637
6134 230797614104
6135 230910510375
6136 231023443456
6137 231136413353
6138 231249420072
6139 231362463619
6140 231475544000
6141 231588661221
6142 231701815288
6143 231815006207
6144 231928233984
6145 232041498625
6146 232154800136
6147 232268138523
6148 232381513792
6149 232494925949
6150 232608375000
6151 232721860951
6152 232835383808
6153 232948943577
6154 233062540264
6155 233176173875
6156 233289844416
6157 233403551893
6158 233517296312
6159 233631077679
6160 233744896000
6161 233858751281
6162 233972643528
6163 234086572747
6164 234200538944
6165 234314542125
6166 234428582296
6167 234542659463
6168 234656773632
6169 234770924809
6170 234885113000
6171 234999338211
6172 235113600448
6173 235227899717
6174 235342236024
6175 235456609375
6176 235571019776
6177 235685467233
6178 235799951752
6179 235914473339
6180 236029032000
6181 236143627741
6182 236258260568
6183 236372930487
6184 236487637504
6185 236602381625
6186 236717162856
6187 236831981203
6188 236946836672
6189 237061729269
6190 237176659000
6191 237291625871
6192 237406629888
6193 237521671057
6194 237636749384
6195 237751864875
6196 237867017536
6197 237982207373
6198 238097434392
6199 238212698599
6200 238328000000
6201 238443338601
6202 238558714408
6203 238674127427
6204 238789577664
6205 238905065125
6206 239020589816
6207 239136151743
6208 239251750912
6209 239367387329
6210 239483061000
6211 239598771931
6212 239714520128
6213 239830305597
6214 239946128344
6215 240061988375
6216 240177885696
6217 240293820313
6218 240409792232
6219 240525801459
6220 240641848000
6221 240757931861
6222 240874053048
6223 240990211567
6224 241106407424
6225 241222640625
6226 241338911176
6227 241455219083
6228 241571564352
6229 241687946989
6230 241804367000
6231 241920824391
6232 242037319168
6233 242153851337
6234 242270420904
6235 242387027875
6236 242503672256
6237 242620354053
6238 242737073272
6239 242853829919
6240 242970624000
6241 243087455521
6242 243204324488
6243 243321230907
6244 243438174784
6245 243555156125
6246 243672174936
6247 243789231223
6248 243906324992
6249 244023456249
6250 244140625000
6251 244257831251
6252 244375075008
6253 244492356277
6254 244609675064
6255 244727031375
6256 244844425216
6257 244961856593
6258 245079325512
6259 245196831979
6260 245314376000
6261 245431957581
6262 245549576728
6263 245667233447
6264 245784927744
6265 245902659625
6266 246020429096
6267 246138236163
6268 246256080832
6269 246373963109
6270 246491883000
6271 246609840511
6272 246727835648
6273 246845868417
6274 246963938824
6275 247082046875
6276 247200192576
6277 247318375933
6278 247436596952
6279 247554855639
6280 247673152000
6281 247791486041
6282 247909857768
6283 248028267187
6284 248146714304
6285 248265199125
6286 248383721656
6287 248502281903
6288 248620879872
6289 248739515569
6290 248858189000
6291 248976900171
6292 249095649088
6293 249214435757
6294 249333260184
6295 249452122375
6296 249571022336
6297 249689960073
6298 249808935592
6299 249927948899
6300 250047000000
6301 250166088901
6302 250285215608
6303 250404380127
6304 250523582464
6305 250642822625
6306 250762100616
6307 250881416443
6308 251000770112
6309 251120161629
6310 251239591000
6311 251359058231
6312 251478563328
6313 251598106297
6314 251717687144
6315 251837305875
6316 251956962496
6317 252076657013
6318 252196389432
6319 252316159759
6320 252435968000
6321 252555814161
6322 252675698248
6323 252795620267
6324 252915580224
6325 253035578125
6326 253155613976
6327 253275687783
6328 253395799552
6329 253515949289
6330 253636137000
6331 253756362691
6332 253876626368
6333 253996928037
6334 254117267704
6335 254237645375
6336 254358061056
6337 254478514753
6338 254599006472
6339 254719536219
6340 254840104000
6341 254960709821
6342 255081353688
6343 255202035607
6344 255322755584
6345 255443513625
6346 255564309736
6347 255685143923
6348 255806016192
6349 255926926549
6350 256047875000
6351 256168861551
6352 256289886208
6353 256410948977
6354 256532049864
6355 256653188875
6356 256774366016
6357 256895581293
6358 257016834712
6359 257138126279
6360 257259456000
6361 257380823881
6362 257502229928
6363 257623674147
6364 257745156544
6365 257866677125
6366 257988235896
6367 258109832863
6368 258231468032
6369 258353141409
6370 258474853000
6371 258596602811
6372 258718390848
6373 258840217117
6374 258962081624
6375 259083984375
6376 259205925376
6377 259327904633
6378 259449922152
6379 259571977939
6380 259694072000
6381 259816204341
6382 259938374968
6383 260060583887
6384 260182831104
6385 260305116625
6386 260427440456
6387 260549802603
6388 260672203072
6389 260794641869
6390 260917119000
6391 261039634471
6392 261162188288
6393 261284780457
6394 261407410984
6395 261530079875
6396 261652787136
6397 261775532773
6398 261898316792
6399 262021139199
6400 262144000000
6401 262266899201
6402 262389836808
6403 262512812827
6404 262635827264
6405 262758880125
6406 262881971416
6407 263005101143
6408 263128269312
6409 263251475929
6410 263374721000
6411 263498004531
6412 263621326528
6413 263744686997
6414 263868085944
6415 263991523375
6416 264114999296
6417 264238513713
6418 264362066632
6419 264485658059
6420 264609288000
6421 264732956461
6422 264856663448
6423 264980408967
6424 265104193024
6425 265228015625
6426 265351876776
6427 265475776483
6428 265599714752
6429 265723691589
6430 265847707000
6431 265971760991
6432 266095853568
6433 266219984737
6434 266344154504
6435 266468362875
6436 266592609856
6437 266716895453
6438 266841219672
6439 266965582519
6440 267089984000
6441 267214424121
6442 267338902888
6443 267463420307
6444 267587976384
6445 267712571125
6446 267837204536
6447 267961876623
6448 268086587392
6449 268211336849
6450 268336125000
6451 268460951851
6452 268585817408
6453 268710721677
6454 268835664664
6455 268960646375
6456 269085666816
6457 269210725993
6458 269335823912
6459 269460960579
6460 269586136000
6461 269711350181
6462 269836603128
6463 269961894847
6464 270087225344
6465 270212594625
6466 270338002696
6467 270463449563
6468 270588935232
6469 270714459709
6470 270840023000
6471 270965625111
6472 271091266048
6473 271216945817
6474 271342664424
6475 271468421875
6476 271594218176
6477 271720053333
6478 271845927352
6479 271971840239
6480 272097792000
6481 272223782641
6482 272349812168
6483 272475880587
6484 272601987904
6485 272728134125
6486 272854319256
6487 272980543303
6488 273106806272
6489 273233108169
6490 273359449000
6491 273485828771
6492 273612247488
6493 273738705157
6494 273865201784
6495 273991737375
6496 274118311936
6497 274244925473
6498 274371577992
6499 274498269499
6500 274625000000
6501 274751769501
6502 274878578008
6503 275005425527
6504 275132312064
6505 275259237625
6506 275386202216
6507 275513205843
6508 275640248512
6509 275767330229
6510 275894451000
6511 276021610831
6512 276148809728
6513 276276047697
6514 276403324744
6515 276530640875
6516 276657996096
6517 276785390413
6518 276912823832
6519 277040296359
6520 277167808000
6521 277295358761
6522 277422948648
6523 277550577667
6524 277678245824
6525 277805953125
6526 277933699576
6527 278061485183
6528 278189309952
6529 278317173889
6530 278445077000
6531 278573019291
6532 278701000768
6533 278829021437
6534 278957081304
6535 279085180375
6536 279213318656
6537 279341496153
6538 279469712872
6539 279597968819
6540 279726264000
6541 279854598421
6542 279982972088
6543 280111385007
6544 280239837184
6545 280368328625
6546 280496859336
6547 280625429323
6548 280754038592
6549 280882687149
6550 281011375000
6551 281140102151
6552 281268868608
6553 281397674377
6554 281526519464
6555 281655403875
6556 281784327616
6557 281913290693
6558 282042293112
6559 282171334879
6560 282300416000
6561 282429536481
6562 282558696328
6563 282687895547
6564 282817134144
6565 282946412125
6566 283075729496
6567 283205086263
6568 283334482432
6569 283463918009
6570 283593393000
6571 283722907411
6572 283852461248
6573 283982054517
6574 284111687224
6575 284241359375
6576 284371070976
6577 284500822033
6578 284630612552
6579 284760442539
6580 284890312000
6581 285020220941
6582 285150169368
6583 285280157287
6584 285410184704
6585 285540251625
6586 285670358056
6587 285800504003
6588 285930689472
6589 286060914469
6590 286191179000
6591 286321483071
6592 286451826688
6593 286582209857
6594 286712632584
6595 286843094875
6596 286973596736
6597 287104138173
6598 287234719192
6599 287365339799
6600 287496000000
6601 287626699801
6602 287757439208
6603 287888218227
6604 288019036864
6605 288149895125
6606 288280793016
6607 288411730543
6608 288542707712
6609 288673724529
6610 288804781000
6611 288935877131
6612 289067012928
6613 289198188397
6614 289329403544
6615 289460658375
6616 289591952896
6617 289723287113
6618 289854661032
6619 289986074659
6620 290117528000
6621 290249021061
6622 290380553848
6623 290512126367
6624 290643738624
6625 290775390625
6626 290907082376
6627 291038813883
6628 291170585152
6629 291302396189
6630 291434247000
6631 291566137591
6632 291698067968
6633 291830038137
6634 291962048104
6635 292094097875
6636 292226187456
6637 292358316853
6638 292490486072
6639 292622695119
6640 292754944000
6641 292887232721
6642 293019561288
6643 293151929707
6644 293284337984
6645 293416786125
6646 293549274136
6647 293681802023
6648 293814369792
6649 293946977449
6650 294079625000
6651 294212312451
6652 294345039808
6653 294477807077
6654 294610614264
6655 294743461375
6656 294876348416
6657 295009275393
6658 295142242312
6659 295275249179
6660 295408296000
6661 295541382781
6662 295674509528
6663 295807676247
6664 295940882944
6665 296074129625
6666 296207416296
6667 296340742963
6668 296474109632
6669 296607516309
6670 296740963000
6671 296874449711
6672 297007976448
6673 297141543217
6674 297275150024
6675 297408796875
6676 297542483776
6677 297676210733
6678 297809977752
6679 297943784839
6680 298077632000
6681 298211519241
6682 298345446568
6683 298479413987
6684 298613421504
6685 298747469125
6686 298881556856
6687 299015684703
6688 299149852672
6689 299284060769
6690 299418309000
6691 299552597371
6692 299686925888
6693 299821294557
6694 299955703384
6695 300090152375
6696 300224641536
6697 300359170873
6698 300493740392
6699 300628350099
6700 300763000000
6701 300897690101
6702 301032420408
6703 301167190927
6704 301302001664
6705 301436852625
6706 301571743816
6707 301706675243
6708 301841646912
6709 301976658829
6710 302111711000
6711 302246803431
6712 302381936128
6713 302517109097
6714 302652322344
6715 302787575875
6716 302922869696
6717 303058203813
6718 303193578232
6719 303328992959
6720 303464448000
6721 303599943361
6722 303735479048
6723 303871055067
6724 304006671424
6725 304142328125
6726 304278025176
6727 304413762583
6728 304549540352
6729 304685358489
6730 304821217000
6731 304957115891
6732 305093055168
6733 305229034837
6734 305365054904
6735 305501115375
6736 305637216256
6737 305773357553
6738 305909539272
6739 306045761419
6740 306182024000
6741 306318327021
6742 306454670488
6743 306591054407
6744 306727478784
6745 306863943625
6746 307000448936
6747 307136994723
6748 307273580992
6749 307410207749
6750 307546875000
6751 307683582751
6752 307820331008
6753 307957119777
6754 308093949064
6755 308230818875
6756 308367729216
6757 308504680093
6758 308641671512
6759 308778703479
6760 308915776000
6761 309052889081
6762 309190042728
6763 309327236947
6764 309464471744
6765 309601747125
6766 309739063096
6767 309876419663
6768 310013816832
6769 310151254609
6770 310288733000
6771 310426252011
6772 310563811648
6773 310701411917
6774 310839052824
6775 310976734375
6776 311114456576
6777 311252219433
6778 311390022952
6779 311527867139
6780 311665752000
6781 311803677541
6782 311941643768
6783 312079650687
6784 312217698304
6785 312355786625
6786 312493915656
6787 312632085403
6788 312770295872
6789 312908547069
6790 313046839000
6791 313185171671
6792 313323545088
6793 313461959257
6794 313600414184
6795 313738909875
6796 313877446336
6797 314016023573
6798 314154641592
6799 314293300399
6800 314432000000
6801 314570740401
6802 314709521608
6803 314848343627
6804 314987206464
6805 315126110125
6806 315265054616
6807 315404039943
6808 315543066112
6809 315682133129
6810 315821241000
6811 315960389731
6812 316099579328
6813 316238809797
6814 316378081144
6815 316517393375
6816 316656746496
6817 316796140513
6818 316935575432
6819 317075051259
6820 317214568000
6821 317354125661
6822 317493724248
6823 317633363767
6824 317773044224
6825 317912765625
6826 318052527976
6827 318192331283
6828 318332175552
6829 318472060789
6830 318611987000
6831 318751954191
6832 318891962368
6833 319032011537
6834 319172101704
6835 319312232875
6836 319452405056
6837 319592618253
6838 319732872472
6839 319873167719
6840 320013504000
6841 320153881321
6842 320294299688
6843 320434759107
6844 320575259584
6845 320715801125
6846 320856383736
6847 320997007423
6848 321137672192
6849 321278378049
6850 321419125000
6851 321559913051
6852 321700742208
6853 321841612477
6854 321982523864
6855 322123476375
6856 322264470016
6857 322405504793
6858 322546580712
6859 322687697779
6860 322828856000
6861 322970055381
6862 323111295928
6863 323252577647
6864 323393900544
6865 323535264625
6866 323676669896
6867 323818116363
6868 323959604032
6869 324101132909
6870 324242703000
6871 324384314311
6872 324525966848
6873 324667660617
6874 324809395624
6875 324951171875
6876 325092989376
6877 325234848133
6878 325376748152
6879 325518689439
6880 325660672000
6881 325802695841
6882 325944760968
6883 326086867387
6884 326229015104
6885 326371204125
6886 326513434456
6887 326655706103
6888 326798019072
6889 326940373369
6890 327082769000
6891 327225205971
6892 327367684288
6893 327510203957
6894 327652764984
6895 327795367375
6896 327938011136
6897 328080696273
6898 328223422792
6899 328366190699
6900 328509000000
6901 328651850701
6902 328794742808
6903 328937676327
6904 329080651264
6905 329223667625
6906 329366725416
6907 329509824643
6908 329652965312
6909 329796147429
6910 329939371000
6911 330082636031
6912 330225942528
6913 330369290497
6914 330512679944
6915 330656110875
6916 330799583296
6917 330943097213
6918 331086652632
6919 331230249559
6920 331373888000
6921 331517567961
6922 331661289448
6923 331805052467
6924 331948857024
6925 332092703125
6926 332236590776
6927 332380519983
6928 332524490752
6929 332668503089
6930 332812557000
6931 332956652491
6932 333100789568
6933 333244968237
6934 333389188504
6935 333533450375
6936 333677753856
6937 333822098953
6938 333966485672
6939 334110914019
6940 334255384000
6941 334399895621
6942 334544448888
6943 334689043807
6944 334833680384
6945 334978358625
6946 335123078536
6947 335267840123
6948 335412643392
6949 335557488349
6950 335702375000
6951 335847303351
6952 335992273408
6953 336137285177
6954 336282338664
6955 336427433875
6956 336572570816
6957 336717749493
6958 336862969912
6959 337008232079
6960 337153536000
6961 337298881681
6962 337444269128
6963 337589698347
6964 337735169344
6965 337880682125
6966 338026236696
6967 338171833063
6968 338317471232
6969 338463151209
6970 338608873000
6971 338754636611
6972 338900442048
6973 339046289317
6974 339192178424
6975 339338109375
6976 339484082176
6977 339630096833
6978 339776153352
6979 339922251739
6980 340068392000
6981 340214574141
6982 340360798168
6983 340507064087
6984 340653371904
6985 340799721625
6986 340946113256
6987 341092546803
6988 341239022272
6989 341385539669
6990 341532099000
6991 341678700271
6992 341825343488
6993 341972028657
6994 342118755784
6995 342265524875
6996 342412335936
6997 342559188973
6998 342706083992
6999 342853020999
7000 343000000000
7001 343147021001
7002 343294084008
7003 343441189027
7004 343588336064
7005 343735525125
7006 343882756216
7007 344030029343
7008 344177344512
7009 344324701729
7010 344472101000
7011 344619542331
7012 344767025728
7013 344914551197
7014 345062118744
7015 345209728375
7016 345357380096
7017 345505073913
7018 345652809832
7019 345800587859
7020 345948408000
7021 346096270261
7022 346244174648
7023 346392121167
7024 346540109824
7025 346688140625
7026 346836213576
7027 346984328683
7028 347132485952
7029 347280685389
7030 347428927000
7031 347577210791
7032 347725536768
7033 347873904937
7034 348022315304
7035 348170767875
7036 348319262656
7037 348467799653
7038 348616378872
7039 348765000319
7040 348913664000
7041 349062369921
7042 349211118088
7043 349359908507
7044 349508741184
7045 349657616125
7046 349806533336
7047 349955492823
7048 350104494592
7049 350253538649
7050 350402625000
7051 350551753651
7052 350700924608
7053 350850137877
7054 350999393464
7055 351148691375
7056 351298031616
7057 351447414193
7058 351596839112
7059 351746306379
7060 351895816000
7061 352045367981
7062 352194962328
7063 352344599047
7064 352494278144
7065 352643999625
7066 352793763496
7067 352943569763
7068 353093418432
7069 353243309509
7070 353393243000
7071 353543218911
7072 353693237248
7073 353843298017
7074 353993401224
7075 354143546875
7076 354293734976
7077 354443965533
7078 354594238552
7079 354744554039
7080 354894912000
7081 355045312441
7082 355195755368
7083 355346240787
7084 355496768704
7085 355647339125
7086 355797952056
7087 355948607503
7088 356099305472
7089 356250045969
7090 356400829000
7091 356551654571
7092 356702522688
7093 356853433357
7094 357004386584
7095 357155382375
7096 357306420736
7097 357457501673
7098 357608625192
7099 357759791299
7100 357911000000
7101 358062251301
7102 358213545208
7103 358364881727
7104 358516260864
7105 358667682625
7106 358819147016
7107 358970654043
7108 359122203712
7109 359273796029
7110 359425431000
7111 359577108631
7112 359728828928
7113 359880591897
7114 360032397544
7115 360184245875
7116 360336136896
7117 360488070613
7118 360640047032
7119 360792066159
7120 360944128000
7121 361096232561
7122 361248379848
7123 361400569867
7124 361552802624
7125 361705078125
7126 361857396376
7127 362009757383
7128 362162161152
7129 362314607689
7130 362467097000
7131 362619629091
7132 362772203968
7133 362924821637
7134 363077482104
7135 363230185375
7136 363382931456
7137 363535720353
7138 363688552072
7139 363841426619
7140 363994344000
7141 364147304221
7142 364300307288
7143 364453353207
7144 364606441984
7145 364759573625
7146 364912748136
7147 365065965523
7148 365219225792
7149 365372528949
7150 365525875000
7151 365679263951
7152 365832695808
7153 365986170577
7154 366139688264
7155 366293248875
7156 366446852416
7157 366600498893
7158 366754188312
7159 366907920679
7160 367061696000
7161 367215514281
7162 367369375528
7163 367523279747
7164 367677226944
7165 367831217125
7166 367985250296
7167 368139326463
7168 368293445632
7169 368447607809
7170 368601813000
7171 368756061211
7172 368910352448
7173 369064686717
7174 369219064024
7175 369373484375
7176 369527947776
7177 369682454233
7178 369837003752
7179 369991596339
7180 370146232000
7181 370300910741
7182 370455632568
7183 370610397487
7184 370765205504
7185 370920056625
7186 371074950856
7187 371229888203
7188 371384868672
7189 371539892269
7190 371694959000
7191 371850068871
7192 372005221888
7193 372160418057
7194 372315657384
7195 372470939875
7196 372626265536
7197 372781634373
7198 372937046392
7199 373092501599
7200 373248000000
7201 373403541601
7202 373559126408
7203 373714754427
7204 373870425664
7205 374026140125
7206 374181897816
7207 374337698743
7208 374493542912
7209 374649430329
7210 374805361000
7211 374961334931
7212 375117352128
7213 375273412597
7214 375429516344
7215 375585663375
7216 375741853696
7217 375898087313
7218 376054364232
7219 376210684459
7220 376367048000
7221 376523454861
7222 376679905048
7223 376836398567
7224 376992935424
7225 377149515625
7226 377306139176
7227 377462806083
7228 377619516352
7229 377776269989
7230 377933067000
7231 378089907391
7232 378246791168
7233 378403718337
7234 378560688904
7235 378717702875
7236 378874760256
7237 379031861053
7238 379189005272
7239 379346192919
7240 379503424000
7241 379660698521
7242 379818016488
7243 379975377907
7244 380132782784
7245 380290231125
7246 380447722936
7247 380605258223
7248 380762836992
7249 380920459249
7250 381078125000
7251 381235834251
7252 381393587008
7253 381551383277
7254 381709223064
7255 381867106375
7256 382025033216
7257 382183003593
7258 382341017512
7259 382499074979
7260 382657176000
7261 382815320581
7262 382973508728
7263 383131740447
7264 383290015744
7265 383448334625
7266 383606697096
7267 383765103163
7268 383923552832
7269 384082046109
7270 384240583000
7271 384399163511
7272 384557787648
7273 384716455417
7274 384875166824
7275 385033921875
7276 385192720576
7277 385351562933
7278 385510448952
7279 385669378639
7280 385828352000
7281 385987369041
7282 386146429768
7283 386305534187
7284 386464682304
7285 386623874125
7286 386783109656
7287 386942388903
7288 387101711872
7289 387261078569
7290 387420489000
7291 387579943171
7292 387739441088
7293 387898982757
7294 388058568184
7295 388218197375
7296 388377870336
7297 388537587073
7298 388697347592
7299 388857151899
7300 389017000000
7301 389176891901
7302 389336827608
7303 389496807127
7304 389656830464
7305 389816897625
7306 389977008616
7307 390137163443
7308 390297362112
7309 390457604629
7310 390617891000
7311 390778221231
7312 390938595328
7313 391099013297
7314 391259475144
7315 391419980875
7316 391580530496
7317 391741124013
7318 391901761432
7319 392062442759
7320 392223168000
7321 392383937161
7322 392544750248
7323 392705607267
7324 392866508224
7325 393027453125
7326 393188441976
7327 393349474783
7328 393510551552
7329 393671672289
7330 393832837000
7331 393994045691
7332 394155298368
7333 394316595037
7334 394477935704
7335 394639320375
7336 394800749056
7337 394962221753
7338 395123738472
7339 395285299219
7340 395446904000
7341 395608552821
7342 395770245688
7343 395931982607
7344 396093763584
7345 396255588625
7346 396417457736
7347 396579370923
7348 396741328192
7349 396903329549
7350 397065375000
7351 397227464551
7352 397389598208
7353 397551775977
7354 397713997864
7355 397876263875
7356 398038574016
7357 398200928293
7358 398363326712
7359 398525769279
7360 398688256000
7361 398850786881
7362 399013361928
7363 399175981147
7364 399338644544
7365 399501352125
7366 399664103896
7367 399826899863
7368 399989740032
7369 400152624409
7370 400315553000
7371 400478525811
7372 400641542848
7373 400804604117
7374 400967709624
7375 401130859375
7376 401294053376
7377 401457291633
7378 401620574152
7379 401783900939
7380 401947272000
7381 402110687341
7382 402274146968
7383 402437650887
7384 402601199104
7385 402764791625
7386 402928428456
7387 403092109603
7388 403255835072
7389 403419604869
7390 403583419000
7391 403747277471
7392 403911180288
7393 404075127457
7394 404239118984
7395 404403154875
7396 404567235136
7397 404731359773
7398 404895528792
7399 405059742199
7400 405224000000
7401 405388302201
7402 405552648808
7403 405717039827
7404 405881475264
7405 406045955125
7406 406210479416
7407 406375048143
7408 406539661312
7409 406704318929
7410 406869021000
7411 407033767531
7412 407198558528
7413 407363393997
7414 407528273944
7415 407693198375
7416 407858167296
7417 408023180713
7418 408188238632
7419 408353341059
7420 408518488000
7421 408683679461
7422 408848915448
7423 409014195967
7424 409179521024
7425 409344890625
7426 409510304776
7427 409675763483
7428 409841266752
7429 410006814589
7430 410172407000
7431 410338043991
7432 410503725568
7433 410669451737
7434 410835222504
7435 411001037875
7436 411166897856
7437 411332802453
7438 411498751672
7439 411664745519
7440 411830784000
7441 411996867121
7442 412162994888
7443 412329167307
7444 412495384384
7445 412661646125
7446 412827952536
7447 412994303623
7448 413160699392
7449 413327139849
7450 413493625000
7451 413660154851
7452 413826729408
7453 413993348677
7454 414160012664
7455 414326721375
7456 414493474816
7457 414660272993
7458 414827115912
7459 414994003579
7460 415160936000
7461 415327913181
7462 415494935128
7463 415662001847
7464 415829113344
7465 415996269625
7466 416163470696
7467 416330716563
7468 416498007232
7469 416665342709
7470 416832723000
7471 417000148111
7472 417167618048
7473 417335132817
7474 417502692424
7475 417670296875
7476 417837946176
7477 418005640333
7478 418173379352
7479 418341163239
7480 418508992000
7481 418676865641
7482 418844784168
7483 419012747587
7484 419180755904
7485 419348809125
7486 419516907256
7487 419685050303
7488 419853238272
7489 420021471169
7490 420189749000
7491 420358071771
7492 420526439488
7493 420694852157
7494 420863309784
7495 421031812375
7496 421200359936
7497 421368952473
7498 421537589992
7499 421706272499
7500 421875000000
7501 422043772501
7502 422212590008
7503 422381452527
7504 422550360064
7505 422719312625
7506 422888310216
7507 423057352843
7508 423226440512
7509 423395573229
7510 423564751000
7511 423733973831
7512 423903241728
7513 424072554697
7514 424241912744
7515 424411315875
7516 424580764096
7517 424750257413
7518 424919795832
7519 425089379359
7520 425259008000
7521 425428681761
7522 425598400648
7523 425768164667
7524 425937973824
7525 426107828125
7526 426277727576
7527 426447672183
7528 426617661952
7529 426787696889
7530 426957777000
7531 427127902291
7532 427298072768
7533 427468288437
7534 427638549304
7535 427808855375
7536 427979206656
7537 428149603153
7538 428320044872
7539 428490531819
7540 428661064000
7541 428831641421
7542 429002264088
7543 429172932007
7544 429343645184
7545 429514403625
7546 429685207336
7547 429856056323
7548 430026950592
7549 430197890149
7550 430368875000
7551 430539905151
7552 430710980608
7553 430882101377
7554 431053267464
7555 431224478875
7556 431395735616
7557 431567037693
7558 431738385112
7559 431909777879
7560 432081216000
7561 432252699481
7562 432424228328
7563 432595802547
7564 432767422144
7565 432939087125
7566 433110797496
7567 433282553263
7568 433454354432
7569 433626201009
7570 433798093000
7571 433970030411
7572 434142013248
7573 434314041517
7574 434486115224
7575 434658234375
7576 434830398976
7577 435002609033
7578 435174864552
7579 435347165539
7580 435519512000
7581 435691903941
7582 435864341368
7583 436036824287
7584 436209352704
7585 436381926625
7586 436554546056
7587 436727211003
7588 436899921472
7589 437072677469
7590 437245479000
7591 437418326071
7592 437591218688
7593 437764156857
7594 437937140584
7595 438110169875
7596 438283244736
7597 438456365173
7598 438629531192
7599 438802742799
7600 438976000000
7601 439149302801
7602 439322651208
7603 439496045227
7604 439669484864
7605 439842970125
7606 440016501016
7607 440190077543
7608 440363699712
7609 440537367529
7610 440711081000
7611 440884840131
7612 441058644928
7613 441232495397
7614 441406391544
7615 441580333375
7616 441754320896
7617 441928354113
7618 442102433032
7619 442276557659
7620 442450728000
7621 442624944061
7622 442799205848
7623 442973513367
7624 443147866624
7625 443322265625
7626 443496710376
7627 443671200883
7628 443845737152
7629 444020319189
7630 444194947000
7631 444369620591
7632 444544339968
7633 444719105137
7634 444893916104
7635 445068772875
7636 445243675456
7637 445418623853
7638 445593618072
7639 445768658119
7640 445943744000
7641 446118875721
7642 446294053288
7643 446469276707
7644 446644545984
7645 446819861125
7646 446995222136
7647 447170629023
7648 447346081792
7649 447521580449
7650 447697125000
7651 447872715451
7652 448048351808
7653 448224034077
7654 448399762264
7655 448575536375
7656 448751356416
7657 448927222393
7658 449103134312
7659 449279092179
7660 449455096000
7661 449631145781
7662 449807241528
7663 449983383247
7664 450159570944
7665 450335804625
7666 450512084296
7667 450688409963
7668 450864781632
7669 451041199309
7670 451217663000
7671 451394172711
7672 451570728448
7673 451747330217
7674 451923978024
7675 452100671875
7676 452277411776
7677 452454197733
7678 452631029752
7679 452807907839
7680 452984832000
7681 453161802241
7682 453338818568
7683 453515880987
7684 453692989504
7685 453870144125
7686 454047344856
7687 454224591703
7688 454401884672
7689 454579223769
7690 454756609000
7691 454934040371
7692 455111517888
7693 455289041557
7694 455466611384
7695 455644227375
7696 455821889536
7697 455999597873
7698 456177352392
7699 456355153099
7700 456533000000
7701 456710893101
7702 456888832408
7703 457066817927
7704 457244849664
7705 457422927625
7706 457601051816
7707 457779222243
7708 457957438912
7709 458135701829
7710 458314011000
7711 458492366431
7712 458670768128
7713 458849216097
7714 459027710344
7715 459206250875
7716 459384837696
7717 459563470813
7718 459742150232
7719 459920875959
7720 460099648000
7721 460278466361
7722 460457331048
7723 460636242067
7724 460815199424
7725 460994203125
7726 461173253176
7727 461352349583
7728 461531492352
7729 461710681489
7730 461889917000
7731 462069198891
7732 462248527168
7733 462427901837
7734 462607322904
7735 462786790375
7736 462966304256
7737 463145864553
7738 463325471272
7739 463505124419
7740 463684824000
7741 463864570021
7742 464044362488
7743 464224201407
7744 464404086784
7745 464584018625
7746 464763996936
7747 464944021723
7748 465124092992
7749 465304210749
7750 465484375000
7751 465664585751
7752 465844843008
7753 466025146777
7754 466205497064
7755 466385893875
7756 466566337216
7757 466746827093
7758 466927363512
7759 467107946479
7760 467288576000
7761 467469252081
7762 467649974728
7763 467830743947
7764 468011559744
7765 468192422125
7766 468373331096
7767 468554286663
7768 468735288832
7769 468916337609
7770 469097433000
7771 469278575011
7772 469459763648
7773 469640998917
7774 469822280824
7775 470003609375
7776 470184984576
7777 470366406433
7778 470547874952
7779 470729390139
7780 470910952000
7781 471092560541
7782 471274215768
7783 471455917687
7784 471637666304
7785 471819461625
7786 472001303656
7787 472183192403
7788 472365127872
7789 472547110069
7790 472729139000
7791 472911214671
7792 473093337088
7793 473275506257
7794 473457722184
7795 473639984875
7796 473822294336
7797 474004650573
7798 474187053592
7799 474369503399
7800 474552000000
7801 474734543401
7802 474917133608
7803 475099770627
7804 475282454464
7805 475465185125
7806 475647962616
7807 475830786943
7808 476013658112
7809 476196576129
7810 476379541000
7811 476562552731
7812 476745611328
7813 476928716797
7814 477111869144
7815 477295068375
7816 477478314496
7817 477661607513
7818 477844947432
7819 478028334259
7820 478211768000
7821 478395248661
7822 478578776248
7823 478762350767
7824 478945972224
7825 479129640625
7826 479313355976
7827 479497118283
7828 479680927552
7829 479864783789
7830 480048687000
7831 480232637191
7832 480416634368
7833 480600678537
7834 480784769704
7835 480968907875
7836 481153093056
7837 481337325253
7838 481521604472
7839 481705930719
7840 481890304000
7841 482074724321
7842 482259191688
7843 482443706107
7844 482628267584
7845 482812876125
7846 482997531736
7847 483182234423
7848 483366984192
7849 483551781049
7850 483736625000
7851 483921516051
7852 484106454208
7853 484291439477
7854 484476471864
7855 484661551375
7856 484846678016
7857 485031851793
7858 485217072712
7859 485402340779
7860 485587656000
7861 485773018381
7862 485958427928
7863 486143884647
7864 486329388544
7865 486514939625
7866 486700537896
7867 486886183363
7868 487071876032
7869 487257615909
7870 487443403000
7871 487629237311
7872 487815118848
7873 488001047617
7874 488187023624
7875 488373046875
7876 488559117376
7877 488745235133
7878 488931400152
7879 489117612439
7880 489303872000
7881 489490178841
7882 489676532968
7883 489862934387
7884 490049383104
7885 490235879125
7886 490422422456
7887 490609013103
7888 490795651072
7889 490982336369
7890 491169069000
7891 491355848971
7892 491542676288
7893 491729550957
7894 491916472984
7895 492103442375
7896 492290459136
7897 492477523273
7898 492664634792
7899 492851793699
7900 493039000000
7901 493226253701
7902 493413554808
7903 493600903327
7904 493788299264
7905 493975742625
7906 494163233416
7907 494350771643
7908 494538357312
7909 494725990429
7910 494913671000
7911 495101399031
7912 495289174528
7913 495476997497
7914 495664867944
7915 495852785875
7916 496040751296
7917 496228764213
7918 496416824632
7919 496604932559
7920 496793088000
7921 496981290961
7922 497169541448
7923 497357839467
7924 497546185024
7925 497734578125
7926 497923018776
7927 498111506983
7928 498300042752
7929 498488626089
7930 498677257000
7931 498865935491
7932 499054661568
7933 499243435237
7934 499432256504
7935 499621125375
7936 499810041856
7937 499999005953
7938 500188017672
7939 500377077019
7940 500566184000
7941 500755338621
7942 500944540888
7943 501133790807
7944 501323088384
7945 501512433625
7946 501701826536
7947 501891267123
7948 502080755392
7949 502270291349
7950 502459875000
7951 502649506351
7952 502839185408
7953 503028912177
7954 503218686664
7955 503408508875
7956 503598378816
7957 503788296493
7958 503978261912
7959 504168275079
7960 504358336000
7961 504548444681
7962 504738601128
7963 504928805347
7964 505119057344
7965 505309357125
7966 505499704696
7967 505690100063
7968 505880543232
7969 506071034209
7970 506261573000
7971 506452159611
7972 506642794048
7973 506833476317
7974 507024206424
7975 507214984375
7976 507405810176
7977 507596683833
7978 507787605352
7979 507978574739
7980 508169592000
7981 508360657141
7982 508551770168
7983 508742931087
7984 508934139904
7985 509125396625
7986 509316701256
7987 509508053803
7988 509699454272
7989 509890902669
7990 510082399000
7991 510273943271
7992 510465535488
7993 510657175657
7994 510848863784
7995 511040599875
7996 511232383936
7997 511424215973
7998 511616095992
7999 511808023999
8000 512000000000
8001 512192024001
8002 512384096008
8003 512576216027
8004 512768384064
8005 512960600125
8006 513152864216
8007 513345176343
8008 513537536512
8009 513729944729
8010 513922401000
8011 514114905331
8012 514307457728
8013 514500058197
8014 514692706744
8015 514885403375
8016 515078148096
8017 515270940913
8018 515463781832
8019 515656670859
8020 515849608000
8021 516042593261
8022 516235626648
8023 516428708167
8024 516621837824
8025 516815015625
8026 517008241576
8027 517201515683
8028 517394837952
8029 517588208389
8030 517781627000
8031 517975093791
8032 518168608768
8033 518362171937
8034 518555783304
8035 518749442875
8036 518943150656
8037 519136906653
8038 519330710872
8039 519524563319
8040 519718464000
8041 519912412921
8042 520106410088
8043 520300455507
8044 520494549184
8045 520688691125
8046 520882881336
8047 521077119823
8048 521271406592
8049 521465741649
8050 521660125000
8051 521854556651
8052 522049036608
8053 522243564877
8054 522438141464
8055 522632766375
8056 522827439616
8057 523022161193
8058 523216931112
8059 523411749379
8060 523606616000
8061 523801530981
8062 523996494328
8063 524191506047
8064 524386566144
8065 524581674625
8066 524776831496
8067 524972036763
8068 525167290432
8069 525362592509
8070 525557943000
8071 525753341911
8072 525948789248
8073 526144285017
8074 526339829224
8075 526535421875
8076 526731062976
8077 526926752533
8078 527122490552
8079 527318277039
8080 527514112000
8081 527709995441
8082 527905927368
8083 528101907787
8084 528297936704
8085 528494014125
8086 528690140056
8087 528886314503
8088 529082537472
8089 529278808969
8090 529475129000
8091 529671497571
8092 529867914688
8093 530064380357
8094 530260894584
8095 530457457375
8096 530654068736
8097 530850728673
8098 531047437192
8099 531244194299
8100 531441000000
8101 531637854301
8102 531834757208
8103 532031708727
8104 532228708864
8105 532425757625
8106 532622855016
8107 532820001043
8108 533017195712
8109 533214439029
8110 533411731000
8111 533609071631
8112 533806460928
8113 534003898897
8114 534201385544
8115 534398920875
8116 534596504896
8117 534794137613
8118 534991819032
8119 535189549159
8120 535387328000
8121 535585155561
8122 535783031848
8123 535980956867
8124 536178930624
8125 536376953125
8126 536575024376
8127 536773144383
8128 536971313152
8129 537169530689
8130 537367797000
8131 537566112091
8132 537764475968
8133 537962888637
8134 538161350104
8135 538359860375
8136 538558419456
8137 538757027353
8138 538955684072
8139 539154389619
8140 539353144000
8141 539551947221
8142 539750799288
8143 539949700207
8144 540148649984
8145 540347648625
8146 540546696136
8147 540745792523
8148 540944937792
8149 541144131949
8150 541343375000
8151 541542666951
8152 541742007808
8153 541941397577
8154 542140836264
8155 542340323875
8156 542539860416
8157 542739445893
8158 542939080312
8159 543138763679
8160 543338496000
8161 543538277281
8162 543738107528
8163 543937986747
8164 544137914944
8165 544337892125
8166 544537918296
8167 544737993463
8168 544938117632
8169 545138290809
8170 545338513000
8171 545538784211
8172 545739104448
8173 545939473717
8174 546139892024
8175 546340359375
8176 546540875776
8177 546741441233
8178 546942055752
8179 547142719339
8180 547343432000
8181 547544193741
8182 547745004568
8183 547945864487
8184 548146773504
8185 548347731625
8186 548548738856
8187 548749795203
8188 548950900672
8189 549152055269
8190 549353259000
8191 549554511871
8192 549755813888
8193 549957165057
8194 550158565384
8195 550360014875
8196 550561513536
8197 550763061373
8198 550964658392
8199 551166304599
8200 551368000000
8201 551569744601
8202 551771538408
8203 551973381427
8204 552175273664
8205 552377215125
8206 552579205816
8207 552781245743
8208 552983334912
8209 553185473329
8210 553387661000
8211 553589897931
8212 553792184128
8213 553994519597
8214 554196904344
8215 554399338375
8216 554601821696
8217 554804354313
8218 555006936232
8219 555209567459
8220 555412248000
8221 555614977861
8222 555817757048
8223 556020585567
8224 556223463424
8225 556426390625
8226 556629367176
8227 556832393083
8228 557035468352
8229 557238592989
8230 557441767000
8231 557644990391
8232 557848263168
8233 558051585337
8234 558254956904
8235 558458377875
8236 558661848256
8237 558865368053
8238 559068937272
8239 559272555919
8240 559476224000
8241 559679941521
8242 559883708488
8243 560087524907
8244 560291390784
8245 560495306125
8246 560699270936
8247 560903285223
8248 561107348992
8249 561311462249
8250 561515625000
8251 561719837251
8252 561924099008
8253 562128410277
8254 562332771064
8255 562537181375
8256 562741641216
8257 562946150593
8258 563150709512
8259 563355317979
8260 563559976000
8261 563764683581
8262 563969440728
8263 564174247447
8264 564379103744
8265 564584009625
8266 564788965096
8267 564993970163
8268 565199024832
8269 565404129109
8270 565609283000
8271 565814486511
8272 566019739648
8273 566225042417
8274 566430394824
8275 566635796875
8276 566841248576
8277 567046749933
8278 567252300952
8279 567457901639
8280 567663552000
8281 567869252041
8282 568075001768
8283 568280801187
8284 568486650304
8285 568692549125
8286 568898497656
8287 569104495903
8288 569310543872
8289 569516641569
8290 569722789000
8291 569928986171
8292 570135233088
8293 570341529757
8294 570547876184
8295 570754272375
8296 570960718336
8297 571167214073
8298 571373759592
8299 571580354899
8300 571787000000
8301 571993694901
8302 572200439608
8303 572407234127
8304 572614078464
8305 572820972625
8306 573027916616
8307 573234910443
8308 573441954112
8309 573649047629
8310 573856191000
8311 574063384231
8312 574270627328
8313 574477920297
8314 574685263144
8315 574892655875
8316 575100098496
8317 575307591013
8318 575515133432
8319 575722725759
8320 575930368000
8321 576138060161
8322 576345802248
8323 576553594267
8324 576761436224
8325 576969328125
8326 577177269976
8327 577385261783
8328 577593303552
8329 577801395289
8330 578009537000
8331 578217728691
8332 578425970368
8333 578634262037
8334 578842603704
8335 579050995375
8336 579259437056
8337 579467928753
8338 579676470472
8339 579885062219
8340 580093704000
8341 580302395821
8342 580511137688
8343 580719929607
8344 580928771584
8345 581137663625
8346 581346605736
8347 581555597923
8348 581764640192
8349 581973732549
8350 582182875000
8351 582392067551
8352 582601310208
8353 582810602977
8354 583019945864
8355 583229338875
8356 583438782016
8357 583648275293
8358 583857818712
8359 584067412279
8360 584277056000
8361 584486749881
8362 584696493928
8363 584906288147
8364 585116132544
8365 585326027125
8366 585535971896
8367 585745966863
8368 585956012032
8369 586166107409
8370 586376253000
8371 586586448811
8372 586796694848
8373 587006991117
8374 587217337624
8375 587427734375
8376 587638181376
8377 587848678633
8378 588059226152
8379 588269823939
8380 588480472000
8381 588691170341
8382 588901918968
8383 589112717887
8384 589323567104
8385 589534466625
8386 589745416456
8387 589956416603
8388 590167467072
8389 590378567869
8390 590589719000
8391 590800920471
8392 591012172288
8393 591223474457
8394 591434826984
8395 591646229875
8396 591857683136
8397 592069186773
8398 592280740792
8399 592492345199
8400 592704000000
8401 592915705201
8402 593127460808
8403 593339266827
8404 593551123264
8405 593763030125
8406 593974987416
8407 594186995143
8408 594399053312
8409 594611161929
8410 594823321000
8411 595035530531
8412 595247790528
8413 595460100997
8414 595672461944
8415 595884873375
8416 596097335296
8417 596309847713
8418 596522410632
8419 596735024059
8420 596947688000
8421 597160402461
8422 597373167448
8423 597585982967
8424 597798849024
8425 598011765625
8426 598224732776
8427 598437750483
8428 598650818752
8429 598863937589
8430 599077107000
8431 599290326991
8432 599503597568
8433 599716918737
8434 599930290504
8435 600143712875
8436 600357185856
8437 600570709453
8438 600784283672
8439 600997908519
8440 601211584000
8441 601425310121
8442 601639086888
8443 601852914307
8444 602066792384
8445 602280721125
8446 602494700536
8447 602708730623
8448 602922811392
8449 603136942849
8450 603351125000
8451 603565357851
8452 603779641408
8453 603993975677
8454 604208360664
8455 604422796375
8456 604637282816
8457 604851819993
8458 605066407912
8459 605281046579
8460 605495736000
8461 605710476181
8462 605925267128
8463 606140108847
8464 606355001344
8465 606569944625
8466 606784938696
8467 606999983563
8468 607215079232
8469 607430225709
8470 607645423000
8471 607860671111
8472 608075970048
8473 608291319817
8474 608506720424
8475 608722171875
8476 608937674176
8477 609153227333
8478 609368831352
8479 609584486239
8480 609800192000
8481 610015948641
8482 610231756168
8483 610447614587
8484 610663523904
8485 610879484125
8486 611095495256
8487 611311557303
8488 611527670272
8489 611743834169
8490 611960049000
8491 612176314771
8492 612392631488
8493 612608999157
8494 612825417784
8495 613041887375
8496 613258407936
8497 613474979473
8498 613691601992
8499 613908275499
8500 614125000000
8501 614341775501
8502 614558602008
8503 614775479527
8504 614992408064
8505 615209387625
8506 615426418216
8507 615643499843
8508 615860632512
8509 616077816229
8510 616295051000
8511 616512336831
8512 616729673728
8513 616947061697
8514 617164500744
8515 617381990875
8516 617599532096
8517 617817124413
8518 618034767832
8519 618252462359
8520 618470208000
8521 618688004761
8522 618905852648
8523 619123751667
8524 619341701824
8525 619559703125
8526 619777755576
8527 619995859183
8528 620214013952
8529 620432219889
8530 620650477000
8531 620868785291
8532 621087144768
8533 621305555437
8534 621524017304
8535 621742530375
8536 621961094656
8537 622179710153
8538 622398376872
8539 622617094819
8540 622835864000
8541 623054684421
8542 623273556088
8543 623492479007
8544 623711453184
8545 623930478625
8546 624149555336
8547 624368683323
8548 624587862592
8549 624807093149
8550 625026375000
8551 625245708151
8552 625465092608
8553 625684528377
8554 625904015464
8555 626123553875
8556 626343143616
8557 626562784693
8558 626782477112
8559 627002220879
8560 627222016000
8561 627441862481
8562 627661760328
8563 627881709547
8564 628101710144
8565 628321762125
8566 628541865496
8567 628762020263
8568 628982226432
8569 629202484009
8570 629422793000
8571 629643153411
8572 629863565248
8573 630084028517
8574 630304543224
8575 630525109375
8576 630745726976
8577 630966396033
8578 631187116552
8579 631407888539
8580 631628712000
8581 631849586941
8582 632070513368
8583 632291491287
8584 632512520704
8585 632733601625
8586 632954734056
8587 633175918003
8588 633397153472
8589 633618440469
8590 633839779000
8591 634061169071
8592 634282610688
8593 634504103857
8594 634725648584
8595 634947244875
8596 635168892736
8597 635390592173
8598 635612343192
8599 635834145799
8600 636056000000
8601 636277905801
8602 636499863208
8603 636721872227
8604 636943932864
8605 637166045125
8606 637388209016
8607 637610424543
8608 637832691712
8609 638055010529
8610 638277381000
8611 638499803131
8612 638722276928
8613 638944802397
8614 639167379544
8615 639390008375
8616 639612688896
8617 639835421113
8618 640058205032
8619 640281040659
8620 640503928000
8621 640726867061
8622 640949857848
8623 641172900367
8624 641395994624
8625 641619140625
8626 641842338376
8627 642065587883
8628 642288889152
8629 642512242189
8630 642735647000
8631 642959103591
8632 643182611968
8633 643406172137
8634 643629784104
8635 643853447875
8636 644077163456
8637 644300930853
8638 644524750072
8639 644748621119
8640 644972544000
8641 645196518721
8642 645420545288
8643 645644623707
8644 645868753984
8645 646092936125
8646 646317170136
8647 646541456023
8648 646765793792
8649 646990183449
8650 647214625000
8651 647439118451
8652 647663663808
8653 647888261077
8654 648112910264
8655 648337611375
8656 648562364416
8657 648787169393
8658 649012026312
8659 649236935179
8660 649461896000
8661 649686908781
8662 649911973528
8663 650137090247
8664 650362258944
8665 650587479625
8666 650812752296
8667 651038076963
8668 651263453632
8669 651488882309
8670 651714363000
8671 651939895711
8672 652165480448
8673 652391117217
8674 652616806024
8675 652842546875
8676 653068339776
8677 653294184733
8678 653520081752
8679 653746030839
8680 653972032000
8681 654198085241
8682 654424190568
8683 654650347987
8684 654876557504
8685 655102819125
8686 655329132856
8687 655555498703
8688 655781916672
8689 656008386769
8690 656234909000
8691 656461483371
8692 656688109888
8693 656914788557
8694 657141519384
8695 657368302375
8696 657595137536
8697 657822024873
8698 658048964392
8699 658275956099
8700 658503000000
8701 658730096101
8702 658957244408
8703 659184444927
8704 659411697664
8705 659639002625
8706 659866359816
8707 660093769243
8708 660321230912
8709 660548744829
8710 660776311000
8711 661003929431
8712 661231600128
8713 661459323097
8714 661687098344
8715 661914925875
8716 662142805696
8717 662370737813
8718 662598722232
8719 662826758959
8720 663054848000
8721 663282989361
8722 663511183048
8723 663739429067
8724 663967727424
8725 664196078125
8726 664424481176
8727 664652936583
8728 664881444352
8729 665110004489
8730 665338617000
8731 665567281891
8732 665795999168
8733 666024768837
8734 666253590904
8735 666482465375
8736 666711392256
8737 666940371553
8738 667169403272
8739 667398487419
8740 667627624000
8741 667856813021
8742 668086054488
8743 668315348407
8744 668544694784
8745 668774093625
8746 669003544936
8747 669233048723
8748 669462604992
8749 669692213749
8750 669921875000
8751 670151588751
8752 670381355008
8753 670611173777
8754 670841045064
8755 671070968875
8756 671300945216
8757 671530974093
8758 671761055512
8759 671991189479
8760 672221376000
8761 672451615081
8762 672681906728
8763 672912250947
8764 673142647744
8765 673373097125
8766 673603599096
8767 673834153663
8768 674064760832
8769 674295420609
8770 674526133000
8771 674756898011
8772 674987715648
8773 675218585917
8774 675449508824
8775 675680484375
8776 675911512576
8777 676142593433
8778 676373726952
8779 676604913139
8780 676836152000
8781 677067443541
8782 677298787768
8783 677530184687
8784 677761634304
8785 677993136625
8786 678224691656
8787 678456299403
8788 678687959872
8789 678919673069
8790 679151439000
8791 679383257671
8792 679615129088
8793 679847053257
8794 680079030184
8795 680311059875
8796 680543142336
8797 680775277573
8798 681007465592
8799 681239706399
8800 681472000000
8801 681704346401
8802 681936745608
8803 682169197627
8804 682401702464
8805 682634260125
8806 682866870616
8807 683099533943
8808 683332250112
8809 683565019129
8810 683797841000
8811 684030715731
8812 684263643328
8813 684496623797
8814 684729657144
8815 684962743375
8816 685195882496
8817 685429074513
8818 685662319432
8819 685895617259
8820 686128968000
8821 686362371661
8822 686595828248
8823 686829337767
8824 687062900224
8825 687296515625
8826 687530183976
8827 687763905283
8828 687997679552
8829 688231506789
8830 688465387000
8831 688699320191
8832 688933306368
8833 689167345537
8834 689401437704
8835 689635582875
8836 689869781056
8837 690104032253
8838 690338336472
8839 690572693719
8840 690807104000
8841 691041567321
8842 691276083688
8843 691510653107
8844 691745275584
8845 691979951125
8846 692214679736
8847 692449461423
8848 692684296192
8849 692919184049
8850 693154125000
8851 693389119051
8852 693624166208
8853 693859266477
8854 694094419864
8855 694329626375
8856 694564886016
8857 694800198793
8858 695035564712
8859 695270983779
8860 695506456000
8861 695741981381
8862 695977559928
8863 696213191647
8864 696448876544
8865 696684614625
8866 696920405896
8867 697156250363
8868 697392148032
8869 697628098909
8870 697864103000
8871 698100160311
8872 698336270848
8873 698572434617
8874 698808651624
8875 699044921875
8876 699281245376
8877 699517622133
8878 699754052152
8879 699990535439
8880 700227072000
8881 700463661841
8882 700700304968
8883 700937001387
8884 701173751104
8885 701410554125
8886 701647410456
8887 701884320103
8888 702121283072
8889 702358299369
8890 702595369000
8891 702832491971
8892 703069668288
8893 703306897957
8894 703544180984
8895 703781517375
8896 704018907136
8897 704256350273
8898 704493846792
8899 704731396699
8900 704969000000
8901 705206656701
8902 705444366808
8903 705682130327
8904 705919947264
8905 706157817625
8906 706395741416
8907 706633718643
8908 706871749312
8909 707109833429
8910 707347971000
8911 707586162031
8912 707824406528
8913 708062704497
8914 708301055944
8915 708539460875
8916 708777919296
8917 709016431213
8918 709254996632
8919 709493615559
8920 709732288000
8921 709971013961
8922 710209793448
8923 710448626467
8924 710687513024
8925 710926453125
8926 711165446776
8927 711404493983
8928 711643594752
8929 711882749089
8930 712121957000
8931 712361218491
8932 712600533568
8933 712839902237
8934 713079324504
8935 713318800375
8936 713558329856
8937 713797912953
8938 714037549672
8939 714277240019
8940 714516984000
8941 714756781621
8942 714996632888
8943 715236537807
8944 715476496384
8945 715716508625
8946 715956574536
8947 716196694123
8948 716436867392
8949 716677094349
8950 716917375000
8951 717157709351
8952 717398097408
8953 717638539177
8954 717879034664
8955 718119583875
8956 718360186816
8957 718600843493
8958 718841553912
8959 719082318079
8960 719323136000
8961 719564007681
8962 719804933128
8963 720045912347
8964 720286945344
8965 720528032125
8966 720769172696
8967 721010367063
8968 721251615232
8969 721492917209
8970 721734273000
8971 721975682611
8972 722217146048
8973 722458663317
8974 722700234424
8975 722941859375
8976 723183538176
8977 723425270833
8978 723667057352
8979 723908897739
8980 724150792000
8981 724392740141
8982 724634742168
8983 724876798087
8984 725118907904
8985 725361071625
8986 725603289256
8987 725845560803
8988 726087886272
8989 726330265669
8990 726572699000
8991 726815186271
8992 727057727488
8993 727300322657
8994 727542971784
8995 727785674875
8996 728028431936
8997 728271242973
8998 728514107992
8999 728757026999
9000 729000000000
9001 729243027001
9002 729486108008
9003 729729243027
9004 729972432064
9005 730215675125
9006 730458972216
9007 730702323343
9008 730945728512
9009 731189187729
9010 731432701000
9011 731676268331
9012 731919889728
9013 732163565197
9014 732407294744
9015 732651078375
9016 732894916096
9017 733138807913
9018 733382753832
9019 733626753859
9020 733870808000
9021 734114916261
9022 734359078648
9023 734603295167
9024 734847565824
9025 735091890625
9026 735336269576
9027 735580702683
9028 735825189952
9029 736069731389
9030 736314327000
9031 736558976791
9032 736803680768
9033 737048438937
9034 737293251304
9035 737538117875
9036 737783038656
9037 738028013653
9038 738273042872
9039 738518126319
9040 738763264000
9041 739008455921
9042 739253702088
9043 739499002507
9044 739744357184
9045 739989766125
9046 740235229336
9047 740480746823
9048 740726318592
9049 740971944649
9050 741217625000
9051 741463359651
9052 741709148608
9053 741954991877
9054 742200889464
9055 742446841375
9056 742692847616
9057 742938908193
9058 743185023112
9059 743431192379
9060 743677416000
9061 743923693981
9062 744170026328
9063 744416413047
9064 744662854144
9065 744909349625
9066 745155899496
9067 745402503763
9068 745649162432
9069 745895875509
9070 746142643000
9071 746389464911
9072 746636341248
9073 746883272017
9074 747130257224
9075 747377296875
9076 747624390976
9077 747871539533
9078 748118742552
9079 748366000039
9080 748613312000
9081 748860678441
9082 749108099368
9083 749355574787
9084 749603104704
9085 749850689125
9086 750098328056
9087 750346021503
9088 750593769472
9089 750841571969
9090 751089429000
9091 751337340571
9092 751585306688
9093 751833327357
9094 752081402584
9095 752329532375
9096 752577716736
9097 752825955673
9098 753074249192
9099 753322597299
9100 753571000000
9101 753819457301
9102 754067969208
9103 754316535727
9104 754565156864
9105 754813832625
9106 755062563016
9107 755311348043
9108 755560187712
9109 755809082029
9110 756058031000
9111 756307034631
9112 756556092928
9113 756805205897
9114 757054373544
9115 757303595875
9116 757552872896
9117 757802204613
9118 758051591032
9119 758301032159
9120 758550528000
9121 758800078561
9122 759049683848
9123 759299343867
9124 759549058624
9125 759798828125
9126 760048652376
9127 760298531383
9128 760548465152
9129 760798453689
9130 761048497000
9131 761298595091
9132 761548747968
9133 761798955637
9134 762049218104
9135 762299535375
9136 762549907456
9137 762800334353
9138 763050816072
9139 763301352619
9140 763551944000
9141 763802590221
9142 764053291288
9143 764304047207
9144 764554857984
9145 764805723625
9146 765056644136
9147 765307619523
9148 765558649792
9149 765809734949
9150 766060875000
9151 766312069951
9152 766563319808
9153 766814624577
9154 767065984264
9155 767317398875
9156 767568868416
9157 767820392893
9158 768071972312
9159 768323606679
9160 768575296000
9161 768827040281
9162 769078839528
9163 769330693747
9164 769582602944
9165 769834567125
9166 770086586296
9167 770338660463
9168 770590789632
9169 770842973809
9170 771095213000
9171 771347507211
9172 771599856448
9173 771852260717
9174 772104720024
9175 772357234375
9176 772609803776
9177 772862428233
9178 773115107752
9179 773367842339
9180 773620632000
9181 773873476741
9182 774126376568
9183 774379331487
9184 774632341504
9185 774885406625
9186 775138526856
9187 775391702203
9188 775644932672
9189 775898218269
9190 776151559000
9191 776404954871
9192 776658405888
9193 776911912057
9194 777165473384
9195 777419089875
9196 777672761536
9197 777926488373
9198 778180270392
9199 778434107599
9200 778688000000
9201 778941947601
9202 779195950408
9203 779450008427
9204 779704121664
9205 779958290125
9206 780212513816
9207 780466792743
9208 780721126912
9209 780975516329
9210 781229961000
9211 781484460931
9212 781739016128
9213 781993626597
9214 782248292344
9215 782503013375
9216 782757789696
9217 783012621313
9218 783267508232
9219 783522450459
9220 783777448000
9221 784032500861
9222 784287609048
9223 784542772567
9224 784797991424
9225 785053265625
9226 785308595176
9227 785563980083
9228 785819420352
9229 786074915989
9230 786330467000
9231 786586073391
9232 786841735168
9233 787097452337
9234 787353224904
9235 787609052875
9236 787864936256
9237 788120875053
9238 788376869272
9239 788632918919
9240 788889024000
9241 789145184521
9242 789401400488
9243 789657671907
9244 789913998784
9245 790170381125
9246 790426818936
9247 790683312223
9248 790939860992
9249 791196465249
9250 791453125000
9251 791709840251
9252 791966611008
9253 792223437277
9254 792480319064
9255 792737256375
9256 792994249216
9257 793251297593
9258 793508401512
9259 793765560979
9260 794022776000
9261 794280046581
9262 794537372728
9263 794794754447
9264 795052191744
9265 795309684625
9266 795567233096
9267 795824837163
9268 796082496832
9269 796340212109
9270 796597983000
9271 796855809511
9272 797113691648
9273 797371629417
9274 797629622824
9275 797887671875
9276 798145776576
9277 798403936933
9278 798662152952
9279 798920424639
9280 799178752000
9281 799437135041
9282 799695573768
9283 799954068187
9284 800212618304
9285 800471224125
9286 800729885656
9287 800988602903
9288 801247375872
9289 801506204569
9290 801765089000
9291 802024029171
9292 802283025088
9293 802542076757
9294 802801184184
9295 803060347375
9296 803319566336
9297 803578841073
9298 803838171592
9299 804097557899
9300 804357000000
9301 804616497901
9302 804876051608
9303 805135661127
9304 805395326464
9305 805655047625
9306 805914824616
9307 806174657443
9308 806434546112
9309 806694490629
9310 806954491000
9311 807214547231
9312 807474659328
9313 807734827297
9314 807995051144
9315 808255330875
9316 808515666496
9317 808776058013
9318 809036505432
9319 809297008759
9320 809557568000
9321 809818183161
9322 810078854248
9323 810339581267
9324 810600364224
9325 810861203125
9326 811122097976
9327 811383048783
9328 811644055552
9329 811905118289
9330 812166237000
9331 812427411691
9332 812688642368
9333 812949929037
9334 813211271704
9335 813472670375
9336 813734125056
9337 813995635753
9338 814257202472
9339 814518825219
9340 814780504000
9341 815042238821
9342 815304029688
9343 815565876607
9344 815827779584
9345 816089738625
9346 816351753736
9347 816613824923
9348 816875952192
9349 817138135549
9350 817400375000
9351 817662670551
9352 817925022208
9353 818187429977
9354 818449893864
9355 818712413875
9356 818974990016
9357 819237622293
9358 819500310712
9359 819763055279
9360 820025856000
9361 820288712881
9362 820551625928
9363 820814595147
9364 821077620544
9365 821340702125
9366 821603839896
9367 821867033863
9368 822130284032
9369 822393590409
9370 822656953000
9371 822920371811
9372 823183846848
9373 823447378117
9374 823710965624
9375 823974609375
9376 824238309376
9377 824502065633
9378 824765878152
9379 825029746939
9380 825293672000
9381 825557653341
9382 825821690968
9383 826085784887
9384 826349935104
9385 826614141625
9386 826878404456
9387 827142723603
9388 827407099072
9389 827671530869
9390 827936019000
9391 828200563471
9392 828465164288
9393 828729821457
9394 828994534984
9395 829259304875
9396 829524131136
9397 829789013773
9398 830053952792
9399 830318948199
9400 830584000000
9401 830849108201
9402 831114272808
9403 831379493827
9404 831644771264
9405 831910105125
9406 832175495416
9407 832440942143
9408 832706445312
9409 832972004929
9410 833237621000
9411 833503293531
9412 833769022528
9413 834034807997
9414 834300649944
9415 834566548375
9416 834832503296
9417 835098514713
9418 835364582632
9419 835630707059
9420 835896888000
9421 836163125461
9422 836429419448
9423 836695769967
9424 836962177024
9425 837228640625
9426 837495160776
9427 837761737483
9428 838028370752
9429 838295060589
9430 838561807000
9431 838828609991
9432 839095469568
9433 839362385737
9434 839629358504
9435 839896387875
9436 840163473856
9437 840430616453
9438 840697815672
9439 840965071519
9440 841232384000
9441 841499753121
9442 841767178888
9443 842034661307
9444 842302200384
9445 842569796125
9446 842837448536
9447 843105157623
9448 843372923392
9449 843640745849
9450 843908625000
9451 844176560851
9452 844444553408
9453 844712602677
9454 844980708664
9455 845248871375
9456 845517090816
9457 845785366993
9458 846053699912
9459 846322089579
9460 846590536000
9461 846859039181
9462 847127599128
9463 847396215847
9464 847664889344
9465 847933619625
9466 848202406696
9467 848471250563
9468 848740151232
9469 849009108709
9470 849278123000
9471 849547194111
9472 849816322048
9473 850085506817
9474 850354748424
9475 850624046875
9476 850893402176
9477 851162814333
9478 851432283352
9479 851701809239
9480 851971392000
9481 852241031641
9482 852510728168
9483 852780481587
9484 853050291904
9485 853320159125
9486 853590083256
9487 853860064303
9488 854130102272
9489 854400197169
9490 854670349000
9491 854940557771
9492 855210823488
9493 855481146157
9494 855751525784
9495 856021962375
9496 856292455936
9497 856563006473
9498 856833613992
9499 857104278499
9500 857375000000
9501 857645778501
9502 857916614008
9503 858187506527
9504 858458456064
9505 858729462625
9506 859000526216
9507 859271646843
9508 859542824512
9509 859814059229
9510 860085351000
9511 860356699831
9512 860628105728
9513 860899568697
9514 861171088744
9515 861442665875
9516 861714300096
9517 861985991413
9518 862257739832
9519 862529545359
9520 862801408000
9521 863073327761
9522 863345304648
9523 863617338667
9524 863889429824
9525 864161578125
9526 864433783576
9527 864706046183
9528 864978365952
9529 865250742889
9530 865523177000
9531 865795668291
9532 866068216768
9533 866340822437
9534 866613485304
9535 866886205375
9536 867158982656
9537 867431817153
9538 867704708872
9539 867977657819
9540 868250664000
9541 868523727421
9542 868796848088
9543 869070026007
9544 869343261184
9545 869616553625
9546 869889903336
9547 870163310323
9548 870436774592
9549 870710296149
9550 870983875000
9551 871257511151
9552 871531204608
9553 871804955377
9554 872078763464
9555 872352628875
9556 872626551616
9557 872900531693
9558 873174569112
9559 873448663879
9560 873722816000
9561 873997025481
9562 874271292328
9563 874545616547
9564 874819998144
9565 875094437125
9566 875368933496
9567 875643487263
9568 875918098432
9569 876192767009
9570 876467493000
9571 876742276411
9572 877017117248
9573 877292015517
9574 877566971224
9575 877841984375
9576 878117054976
9577 878392183033
9578 878667368552
9579 878942611539
9580 879217912000
9581 879493269941
9582 879768685368
9583 880044158287
9584 880319688704
9585 880595276625
9586 880870922056
9587 881146625003
9588 881422385472
9589 881698203469
9590 881974079000
9591 882250012071
9592 882526002688
9593 882802050857
9594 883078156584
9595 883354319875
9596 883630540736
9597 883906819173
9598 884183155192
9599 884459548799
9600 884736000000
9601 885012508801
9602 885289075208
9603 885565699227
9604 885842380864
9605 886119120125
9606 886395917016
9607 886672771543
9608 886949683712
9609 887226653529
9610 887503681000
9611 887780766131
9612 888057908928
9613 888335109397
9614 888612367544
9615 888889683375
9616 889167056896
9617 889444488113
9618 889721977032
9619 889999523659
9620 890277128000
9621 890554790061
9622 890832509848
9623 891110287367
9624 891388122624
9625 891666015625
9626 891943966376
9627 892221974883
9628 892500041152
9629 892778165189
9630 893056347000
9631 893334586591
9632 893612883968
9633 893891239137
9634 894169652104
9635 894448122875
9636 894726651456
9637 895005237853
9638 895283882072
9639 895562584119
9640 895841344000
9641 896120161721
9642 896399037288
9643 896677970707
9644 896956961984
9645 897236011125
9646 897515118136
9647 897794283023
9648 898073505792
9649 898352786449
9650 898632125000
9651 898911521451
9652 899190975808
9653 899470488077
9654 899750058264
9655 900029686375
9656 900309372416
9657 900589116393
9658 900868918312
9659 901148778179
9660 901428696000
9661 901708671781
9662 901988705528
9663 902268797247
9664 902548946944
9665 902829154625
9666 903109420296
9667 903389743963
9668 903670125632
9669 903950565309
9670 904231063000
9671 904511618711
9672 904792232448
9673 905072904217
9674 905353634024
9675 905634421875
9676 905915267776
9677 906196171733
9678 906477133752
9679 906758153839
9680 907039232000
9681 907320368241
9682 907601562568
9683 907882814987
9684 908164125504
9685 908445494125
9686 908726920856
9687 909008405703
9688 909289948672
9689 909571549769
9690 909853209000
9691 910134926371
9692 910416701888
9693 910698535557
9694 910980427384
9695 911262377375
9696 911544385536
9697 911826451873
9698 912108576392
9699 912390759099
9700 912673000000
9701 912955299101
9702 913237656408
9703 913520071927
9704 913802545664
9705 914085077625
9706 914367667816
9707 914650316243
9708 914933022912
9709 915215787829
9710 915498611000
9711 915781492431
9712 916064432128
9713 916347430097
9714 916630486344
9715 916913600875
9716 917196773696
9717 917480004813
9718 917763294232
9719 918046641959
9720 918330048000
9721 918613512361
9722 918897035048
9723 919180616067
9724 919464255424
9725 919747953125
9726 920031709176
9727 920315523583
9728 920599396352
9729 920883327489
9730 921167317000
9731 921451364891
9732 921735471168
9733 922019635837
9734 922303858904
9735 922588140375
9736 922872480256
9737 923156878553
9738 923441335272
9739 923725850419
9740 924010424000
9741 924295056021
9742 924579746488
9743 924864495407
9744 925149302784
9745 925434168625
9746 925719092936
9747 926004075723
9748 926289116992
9749 926574216749
9750 926859375000
9751 927144591751
9752 927429867008
9753 927715200777
9754 928000593064
9755 928286043875
9756 928571553216
9757 928857121093
9758 929142747512
9759 929428432479
9760 929714176000
9761 929999978081
9762 930285838728
9763 930571757947
9764 930857735744
9765 931143772125
9766 931429867096
9767 931716020663
9768 932002232832
9769 932288503609
9770 932574833000
9771 932861221011
9772 933147667648
9773 933434172917
9774 933720736824
9775 934007359375
9776 934294040576
9777 934580780433
9778 934867578952
9779 935154436139
9780 935441352000
9781 935728326541
9782 936015359768
9783 936302451687
9784 936589602304
9785 936876811625
9786 937164079656
9787 937451406403
9788 937738791872
9789 938026236069
9790 938313739000
9791 938601300671
9792 938888921088
9793 939176600257
9794 939464338184
9795 939752134875
9796 940039990336
9797 940327904573
9798 940615877592
9799 940903909399
9800 941192000000
9801 941480149401
9802 941768357608
9803 942056624627
9804 942344950464
9805 942633335125
9806 942921778616
9807 943210280943
9808 943498842112
9809 943787462129
9810 944076141000
9811 944364878731
9812 944653675328
9813 944942530797
9814 945231445144
9815 945520418375
9816 945809450496
9817 946098541513
9818 946387691432
9819 946676900259
9820 946966168000
9821 947255494661
9822 947544880248
9823 947834324767
9824 948123828224
9825 948413390625
9826 948703011976
9827 948992692283
9828 949282431552
9829 949572229789
9830 949862087000
9831 950152003191
9832 950441978368
9833 950732012537
9834 951022105704
9835 951312257875
9836 951602469056
9837 951892739253
9838 952183068472
9839 952473456719
9840 952763904000
9841 953054410321
9842 953344975688
9843 953635600107
9844 953926283584
9845 954217026125
9846 954507827736
9847 954798688423
9848 955089608192
9849 955380587049
9850 955671625000
9851 955962722051
9852 956253878208
9853 956545093477
9854 956836367864
9855 957127701375
9856 957419094016
9857 957710545793
9858 958002056712
9859 958293626779
9860 958585256000
9861 958876944381
9862 959168691928
9863 959460498647
9864 959752364544
9865 960044289625
9866 960336273896
9867 960628317363
9868 960920420032
9869 961212581909
9870 961504803000
9871 961797083311
9872 962089422848
9873 962381821617
9874 962674279624
9875 962966796875
9876 963259373376
9877 963552009133
9878 963844704152
9879 964137458439
9880 964430272000
9881 964723144841
9882 965016076968
9883 965309068387
9884 965602119104
9885 965895229125
9886 966188398456
9887 966481627103
9888 966774915072
9889 967068262369
9890 967361669000
9891 967655134971
9892 967948660288
9893 968242244957
9894 968535888984
9895 968829592375
9896 969123355136
9897 969417177273
9898 969711058792
9899 970004999699
9900 970299000000
9901 970593059701
9902 970887178808
9903 971181357327
9904 971475595264
9905 971769892625
9906 972064249416
9907 972358665643
9908 972653141312
9909 972947676429
9910 973242271000
9911 973536925031
9912 973831638528
9913 974126411497
9914 974421243944
9915 974716135875
9916 975011087296
9917 975306098213
9918 975601168632
9919 975896298559
9920 976191488000
9921 976486736961
9922 976782045448
9923 977077413467
9924 977372841024
9925 977668328125
9926 977963874776
9927 978259480983
9928 978555146752
9929 978850872089
9930 979146657000
9931 979442501491
9932 979738405568
9933 980034369237
9934 980330392504
9935 980626475375
9936 980922617856
9937 981218819953
9938 981515081672
9939 981811403019
9940 982107784000
9941 982404224621
9942 982700724888
9943 982997284807
9944 983293904384
9945 983590583625
9946 983887322536
9947 984184121123
9948 984480979392
9949 984777897349
9950 985074875000
9951 985371912351
9952 985669009408
9953 985966166177
9954 986263382664
9955 986560658875
9956 986857994816
9957 987155390493
9958 987452845912
9959 987750361079
9960 988047936000
9961 988345570681
9962 988643265128
9963 988941019347
9964 989238833344
9965 989536707125
9966 989834640696
9967 990132634063
9968 990430687232
9969 990728800209
9970 991026973000
9971 991325205611
9972 991623498048
9973 991921850317
9974 992220262424
9975 992518734375
9976 992817266176
9977 993115857833
9978 993414509352
9979 993713220739
9980 994011992000
9981 994310823141
9982 994609714168
9983 994908665087
9984 995207675904
9985 995506746625
9986 995805877256
9987 996105067803
9988 996404318272
9989 996703628669
9990 997002999000
9991 997302429271
9992 997601919488
9993 997901469657
9994 998201079784
9995 998500749875
9996 998800479936
9997 999100269973
9998 999400119992
9999 999700029999
10000 1000000000000
NO
